split,date,raw_type,mapped_label,class_index,file_path,file_name,window_index,start_sample,end_sample
val,2025-07-15,SRhy,NSR,0,/Users/Sonny/Research/Ecgdata/2025-07-15/SRhy/152789_117074705_ecgdata.csv,152789_117074705_ecgdata.csv,0,0,2500
val,2025-07-15,SRhy,NSR,0,/Users/Sonny/Research/Ecgdata/2025-07-15/SRhy/152789_117074705_ecgdata.csv,152789_117074705_ecgdata.csv,1,2500,5000
val,2025-07-15,SRhy,NSR,0,/Users/Sonny/Research/Ecgdata/2025-07-15/SRhy/152789_117074705_ecgdata.csv,152789_117074705_ecgdata.csv,2,5000,7500
val,2025-07-15,SRhy,NSR,0,/Users/Sonny/Research/Ecgdata/2025-07-15/SRhy/152789_117074705_ecgdata.csv,152789_117074705_ecgdata.csv,3,7500,10000
val,2025-07-15,SRhy,NSR,0,/Users/Sonny/Research/Ecgdata/2025-07-15/SRhy/152789_117074705_ecgdata.csv,152789_117074705_ecgdata.csv,4,10000,12500
val,2025-07-15,SRhy,NSR,0,/Users/Sonny/Research/Ecgdata/2025-07-15/SRhy/152789_117074705_ecgdata.csv,152789_117074705_ecgdata.csv,5,12500,15000
val,2025-07-15,SRhy,NSR,0,/Users/Sonny/Research/Ecgdata/2025-07-15/SRhy/152789_117074705_ecgdata.csv,152789_117074705_ecgdata.csv,6,15000,17500
val,2025-07-15,SRhy,NSR,0,/Users/Sonny/Research/Ecgdata/2025-07-15/SRhy/152789_117074705_ecgdata.csv,152789_117074705_ecgdata.csv,7,17500,20000
val,2025-07-14,SArrh,NSR,0,/Users/Sonny/Research/Ecgdata/2025-07-14/SArrh/151054_116848348_ecgdata.csv,151054_116848348_ecgdata.csv,0,0,2500
val,2025-07-14,SArrh,NSR,0,/Users/Sonny/Research/Ecgdata/2025-07-14/SArrh/151054_116848348_ecgdata.csv,151054_116848348_ecgdata.csv,1,2500,5000
val,2025-07-14,SArrh,NSR,0,/Users/Sonny/Research/Ecgdata/2025-07-14/SArrh/151054_116848348_ecgdata.csv,151054_116848348_ecgdata.csv,2,5000,7500
val,2025-07-14,SArrh,NSR,0,/Users/Sonny/Research/Ecgdata/2025-07-14/SArrh/151054_116848348_ecgdata.csv,151054_116848348_ecgdata.csv,3,7500,10000
val,2025-07-14,SArrh,NSR,0,/Users/Sonny/Research/Ecgdata/2025-07-14/SArrh/151054_116848348_ecgdata.csv,151054_116848348_ecgdata.csv,4,10000,12500
val,2025-07-14,SArrh,NSR,0,/Users/Sonny/Research/Ecgdata/2025-07-14/SArrh/151054_116848348_ecgdata.csv,151054_116848348_ecgdata.csv,5,12500,15000
val,2025-07-14,SArrh,NSR,0,/Users/Sonny/Research/Ecgdata/2025-07-14/SArrh/151054_116848348_ecgdata.csv,151054_116848348_ecgdata.csv,6,15000,17500
val,2025-07-14,SArrh,NSR,0,/Users/Sonny/Research/Ecgdata/2025-07-14/SArrh/151054_116848348_ecgdata.csv,151054_116848348_ecgdata.csv,7,17500,20000
test,2025-07-14,SArrh,NSR,0,/Users/Sonny/Research/Ecgdata/2025-07-14/SArrh/153277_117015012_ecgdata.csv,153277_117015012_ecgdata.csv,0,0,2500
test,2025-07-14,SArrh,NSR,0,/Users/Sonny/Research/Ecgdata/2025-07-14/SArrh/153277_117015012_ecgdata.csv,153277_117015012_ecgdata.csv,1,2500,5000
test,2025-07-14,SArrh,NSR,0,/Users/Sonny/Research/Ecgdata/2025-07-14/SArrh/153277_117015012_ecgdata.csv,153277_117015012_ecgdata.csv,2,5000,7500
test,2025-07-14,SArrh,NSR,0,/Users/Sonny/Research/Ecgdata/2025-07-14/SArrh/153277_117015012_ecgdata.csv,153277_117015012_ecgdata.csv,3,7500,10000
test,2025-07-14,SArrh,NSR,0,/Users/Sonny/Research/Ecgdata/2025-07-14/SArrh/153277_117015012_ecgdata.csv,153277_117015012_ecgdata.csv,4,10000,12500
test,2025-07-14,SArrh,NSR,0,/Users/Sonny/Research/Ecgdata/2025-07-14/SArrh/153277_117015012_ecgdata.csv,153277_117015012_ecgdata.csv,5,12500,15000
test,2025-07-14,SArrh,NSR,0,/Users/Sonny/Research/Ecgdata/2025-07-14/SArrh/153277_117015012_ecgdata.csv,153277_117015012_ecgdata.csv,6,15000,17500
test,2025-07-14,SArrh,NSR,0,/Users/Sonny/Research/Ecgdata/2025-07-14/SArrh/153277_117015012_ecgdata.csv,153277_117015012_ecgdata.csv,7,17500,20000
train,2025-07-13,SArrh,NSR,0,/Users/Sonny/Research/Ecgdata/2025-07-13/SArrh/149945_116557769_ecgdata.csv,149945_116557769_ecgdata.csv,0,0,2500
train,2025-07-13,SArrh,NSR,0,/Users/Sonny/Research/Ecgdata/2025-07-13/SArrh/149945_116557769_ecgdata.csv,149945_116557769_ecgdata.csv,1,2500,5000
train,2025-07-13,SArrh,NSR,0,/Users/Sonny/Research/Ecgdata/2025-07-13/SArrh/149945_116557769_ecgdata.csv,149945_116557769_ecgdata.csv,2,5000,7500
train,2025-07-13,SArrh,NSR,0,/Users/Sonny/Research/Ecgdata/2025-07-13/SArrh/149945_116557769_ecgdata.csv,149945_116557769_ecgdata.csv,3,7500,10000
train,2025-07-13,SArrh,NSR,0,/Users/Sonny/Research/Ecgdata/2025-07-13/SArrh/149945_116557769_ecgdata.csv,149945_116557769_ecgdata.csv,4,10000,12500
train,2025-07-13,SArrh,NSR,0,/Users/Sonny/Research/Ecgdata/2025-07-13/SArrh/149945_116557769_ecgdata.csv,149945_116557769_ecgdata.csv,5,12500,15000
train,2025-07-13,SArrh,NSR,0,/Users/Sonny/Research/Ecgdata/2025-07-13/SArrh/149945_116557769_ecgdata.csv,149945_116557769_ecgdata.csv,6,15000,17500
train,2025-07-13,SArrh,NSR,0,/Users/Sonny/Research/Ecgdata/2025-07-13/SArrh/149945_116557769_ecgdata.csv,149945_116557769_ecgdata.csv,7,17500,20000
train,2025-07-13,SArrh,NSR,0,/Users/Sonny/Research/Ecgdata/2025-07-13/SArrh/152460_116565082_ecgdata.csv,152460_116565082_ecgdata.csv,0,0,2500
train,2025-07-13,SArrh,NSR,0,/Users/Sonny/Research/Ecgdata/2025-07-13/SArrh/152460_116565082_ecgdata.csv,152460_116565082_ecgdata.csv,1,2500,5000
train,2025-07-13,SArrh,NSR,0,/Users/Sonny/Research/Ecgdata/2025-07-13/SArrh/152460_116565082_ecgdata.csv,152460_116565082_ecgdata.csv,2,5000,7500
train,2025-07-13,SArrh,NSR,0,/Users/Sonny/Research/Ecgdata/2025-07-13/SArrh/152460_116565082_ecgdata.csv,152460_116565082_ecgdata.csv,3,7500,10000
train,2025-07-13,SArrh,NSR,0,/Users/Sonny/Research/Ecgdata/2025-07-13/SArrh/152460_116565082_ecgdata.csv,152460_116565082_ecgdata.csv,4,10000,12500
train,2025-07-13,SArrh,NSR,0,/Users/Sonny/Research/Ecgdata/2025-07-13/SArrh/152460_116565082_ecgdata.csv,152460_116565082_ecgdata.csv,5,12500,15000
train,2025-07-13,SArrh,NSR,0,/Users/Sonny/Research/Ecgdata/2025-07-13/SArrh/152460_116565082_ecgdata.csv,152460_116565082_ecgdata.csv,6,15000,17500
train,2025-07-13,SArrh,NSR,0,/Users/Sonny/Research/Ecgdata/2025-07-13/SArrh/152460_116565082_ecgdata.csv,152460_116565082_ecgdata.csv,7,17500,20000
train,2025-07-13,SRhy,NSR,0,/Users/Sonny/Research/Ecgdata/2025-07-13/SRhy/149857_116588522_ecgdata.csv,149857_116588522_ecgdata.csv,0,0,2500
train,2025-07-13,SRhy,NSR,0,/Users/Sonny/Research/Ecgdata/2025-07-13/SRhy/149857_116588522_ecgdata.csv,149857_116588522_ecgdata.csv,1,2500,5000
train,2025-07-13,SRhy,NSR,0,/Users/Sonny/Research/Ecgdata/2025-07-13/SRhy/149857_116588522_ecgdata.csv,149857_116588522_ecgdata.csv,2,5000,7500
train,2025-07-13,SRhy,NSR,0,/Users/Sonny/Research/Ecgdata/2025-07-13/SRhy/149857_116588522_ecgdata.csv,149857_116588522_ecgdata.csv,3,7500,10000
train,2025-07-13,SRhy,NSR,0,/Users/Sonny/Research/Ecgdata/2025-07-13/SRhy/149857_116588522_ecgdata.csv,149857_116588522_ecgdata.csv,4,10000,12500
train,2025-07-13,SRhy,NSR,0,/Users/Sonny/Research/Ecgdata/2025-07-13/SRhy/149857_116588522_ecgdata.csv,149857_116588522_ecgdata.csv,5,12500,15000
train,2025-07-13,SRhy,NSR,0,/Users/Sonny/Research/Ecgdata/2025-07-13/SRhy/149857_116588522_ecgdata.csv,149857_116588522_ecgdata.csv,6,15000,17500
train,2025-07-13,SRhy,NSR,0,/Users/Sonny/Research/Ecgdata/2025-07-13/SRhy/149857_116588522_ecgdata.csv,149857_116588522_ecgdata.csv,7,17500,20000
train,2025-07-15,SRhy,NSR,0,/Users/Sonny/Research/Ecgdata/2025-07-15/SRhy/150977_117061329_ecgdata.csv,150977_117061329_ecgdata.csv,0,0,2500
train,2025-07-15,SRhy,NSR,0,/Users/Sonny/Research/Ecgdata/2025-07-15/SRhy/150977_117061329_ecgdata.csv,150977_117061329_ecgdata.csv,1,2500,5000
train,2025-07-15,SRhy,NSR,0,/Users/Sonny/Research/Ecgdata/2025-07-15/SRhy/150977_117061329_ecgdata.csv,150977_117061329_ecgdata.csv,2,5000,7500
train,2025-07-15,SRhy,NSR,0,/Users/Sonny/Research/Ecgdata/2025-07-15/SRhy/150977_117061329_ecgdata.csv,150977_117061329_ecgdata.csv,3,7500,10000
train,2025-07-15,SRhy,NSR,0,/Users/Sonny/Research/Ecgdata/2025-07-15/SRhy/150977_117061329_ecgdata.csv,150977_117061329_ecgdata.csv,4,10000,12500
train,2025-07-15,SRhy,NSR,0,/Users/Sonny/Research/Ecgdata/2025-07-15/SRhy/150977_117061329_ecgdata.csv,150977_117061329_ecgdata.csv,5,12500,15000
train,2025-07-15,SRhy,NSR,0,/Users/Sonny/Research/Ecgdata/2025-07-15/SRhy/150977_117061329_ecgdata.csv,150977_117061329_ecgdata.csv,6,15000,17500
train,2025-07-15,SRhy,NSR,0,/Users/Sonny/Research/Ecgdata/2025-07-15/SRhy/150977_117061329_ecgdata.csv,150977_117061329_ecgdata.csv,7,17500,20000
train,2025-07-15,SArrh,NSR,0,/Users/Sonny/Research/Ecgdata/2025-07-15/SArrh/151862_117126420_ecgdata.csv,151862_117126420_ecgdata.csv,0,0,2500
train,2025-07-15,SArrh,NSR,0,/Users/Sonny/Research/Ecgdata/2025-07-15/SArrh/151862_117126420_ecgdata.csv,151862_117126420_ecgdata.csv,1,2500,5000
train,2025-07-15,SArrh,NSR,0,/Users/Sonny/Research/Ecgdata/2025-07-15/SArrh/151862_117126420_ecgdata.csv,151862_117126420_ecgdata.csv,2,5000,7500
train,2025-07-15,SArrh,NSR,0,/Users/Sonny/Research/Ecgdata/2025-07-15/SArrh/151862_117126420_ecgdata.csv,151862_117126420_ecgdata.csv,3,7500,10000
train,2025-07-15,SArrh,NSR,0,/Users/Sonny/Research/Ecgdata/2025-07-15/SArrh/151862_117126420_ecgdata.csv,151862_117126420_ecgdata.csv,4,10000,12500
train,2025-07-15,SArrh,NSR,0,/Users/Sonny/Research/Ecgdata/2025-07-15/SArrh/151862_117126420_ecgdata.csv,151862_117126420_ecgdata.csv,5,12500,15000
train,2025-07-15,SArrh,NSR,0,/Users/Sonny/Research/Ecgdata/2025-07-15/SArrh/151862_117126420_ecgdata.csv,151862_117126420_ecgdata.csv,6,15000,17500
train,2025-07-15,SArrh,NSR,0,/Users/Sonny/Research/Ecgdata/2025-07-15/SArrh/151862_117126420_ecgdata.csv,151862_117126420_ecgdata.csv,7,17500,20000
train,2025-07-15,SRhy,NSR,0,/Users/Sonny/Research/Ecgdata/2025-07-15/SRhy/151703_116959473_ecgdata.csv,151703_116959473_ecgdata.csv,0,0,2500
train,2025-07-15,SRhy,NSR,0,/Users/Sonny/Research/Ecgdata/2025-07-15/SRhy/151703_116959473_ecgdata.csv,151703_116959473_ecgdata.csv,1,2500,5000
train,2025-07-15,SRhy,NSR,0,/Users/Sonny/Research/Ecgdata/2025-07-15/SRhy/151703_116959473_ecgdata.csv,151703_116959473_ecgdata.csv,2,5000,7500
train,2025-07-15,SRhy,NSR,0,/Users/Sonny/Research/Ecgdata/2025-07-15/SRhy/151703_116959473_ecgdata.csv,151703_116959473_ecgdata.csv,3,7500,10000
train,2025-07-15,SRhy,NSR,0,/Users/Sonny/Research/Ecgdata/2025-07-15/SRhy/151703_116959473_ecgdata.csv,151703_116959473_ecgdata.csv,4,10000,12500
train,2025-07-15,SRhy,NSR,0,/Users/Sonny/Research/Ecgdata/2025-07-15/SRhy/151703_116959473_ecgdata.csv,151703_116959473_ecgdata.csv,5,12500,15000
train,2025-07-15,SRhy,NSR,0,/Users/Sonny/Research/Ecgdata/2025-07-15/SRhy/151703_116959473_ecgdata.csv,151703_116959473_ecgdata.csv,6,15000,17500
train,2025-07-15,SRhy,NSR,0,/Users/Sonny/Research/Ecgdata/2025-07-15/SRhy/151703_116959473_ecgdata.csv,151703_116959473_ecgdata.csv,7,17500,20000
train,2025-07-15,SRhy,NSR,0,/Users/Sonny/Research/Ecgdata/2025-07-15/SRhy/152055_117021582_ecgdata.csv,152055_117021582_ecgdata.csv,0,0,2500
train,2025-07-15,SRhy,NSR,0,/Users/Sonny/Research/Ecgdata/2025-07-15/SRhy/152055_117021582_ecgdata.csv,152055_117021582_ecgdata.csv,1,2500,5000
train,2025-07-15,SRhy,NSR,0,/Users/Sonny/Research/Ecgdata/2025-07-15/SRhy/152055_117021582_ecgdata.csv,152055_117021582_ecgdata.csv,2,5000,7500
train,2025-07-15,SRhy,NSR,0,/Users/Sonny/Research/Ecgdata/2025-07-15/SRhy/152055_117021582_ecgdata.csv,152055_117021582_ecgdata.csv,3,7500,10000
train,2025-07-15,SRhy,NSR,0,/Users/Sonny/Research/Ecgdata/2025-07-15/SRhy/152055_117021582_ecgdata.csv,152055_117021582_ecgdata.csv,4,10000,12500
train,2025-07-15,SRhy,NSR,0,/Users/Sonny/Research/Ecgdata/2025-07-15/SRhy/152055_117021582_ecgdata.csv,152055_117021582_ecgdata.csv,5,12500,15000
train,2025-07-15,SRhy,NSR,0,/Users/Sonny/Research/Ecgdata/2025-07-15/SRhy/152055_117021582_ecgdata.csv,152055_117021582_ecgdata.csv,6,15000,17500
train,2025-07-15,SRhy,NSR,0,/Users/Sonny/Research/Ecgdata/2025-07-15/SRhy/152055_117021582_ecgdata.csv,152055_117021582_ecgdata.csv,7,17500,20000
train,2025-07-14,SRhy,NSR,0,/Users/Sonny/Research/Ecgdata/2025-07-14/SRhy/152899_116815442_ecgdata.csv,152899_116815442_ecgdata.csv,0,0,2500
train,2025-07-14,SRhy,NSR,0,/Users/Sonny/Research/Ecgdata/2025-07-14/SRhy/152899_116815442_ecgdata.csv,152899_116815442_ecgdata.csv,1,2500,5000
train,2025-07-14,SRhy,NSR,0,/Users/Sonny/Research/Ecgdata/2025-07-14/SRhy/152899_116815442_ecgdata.csv,152899_116815442_ecgdata.csv,2,5000,7500
train,2025-07-14,SRhy,NSR,0,/Users/Sonny/Research/Ecgdata/2025-07-14/SRhy/152899_116815442_ecgdata.csv,152899_116815442_ecgdata.csv,3,7500,10000
train,2025-07-14,SRhy,NSR,0,/Users/Sonny/Research/Ecgdata/2025-07-14/SRhy/152899_116815442_ecgdata.csv,152899_116815442_ecgdata.csv,4,10000,12500
train,2025-07-14,SRhy,NSR,0,/Users/Sonny/Research/Ecgdata/2025-07-14/SRhy/152899_116815442_ecgdata.csv,152899_116815442_ecgdata.csv,5,12500,15000
train,2025-07-14,SRhy,NSR,0,/Users/Sonny/Research/Ecgdata/2025-07-14/SRhy/152899_116815442_ecgdata.csv,152899_116815442_ecgdata.csv,6,15000,17500
train,2025-07-14,SRhy,NSR,0,/Users/Sonny/Research/Ecgdata/2025-07-14/SRhy/152899_116815442_ecgdata.csv,152899_116815442_ecgdata.csv,7,17500,20000
train,2025-07-13,SRhy,NSR,0,/Users/Sonny/Research/Ecgdata/2025-07-13/SRhy/152773_116564390_ecgdata.csv,152773_116564390_ecgdata.csv,0,0,2500
train,2025-07-13,SRhy,NSR,0,/Users/Sonny/Research/Ecgdata/2025-07-13/SRhy/152773_116564390_ecgdata.csv,152773_116564390_ecgdata.csv,1,2500,5000
train,2025-07-13,SRhy,NSR,0,/Users/Sonny/Research/Ecgdata/2025-07-13/SRhy/152773_116564390_ecgdata.csv,152773_116564390_ecgdata.csv,2,5000,7500
train,2025-07-13,SRhy,NSR,0,/Users/Sonny/Research/Ecgdata/2025-07-13/SRhy/152773_116564390_ecgdata.csv,152773_116564390_ecgdata.csv,3,7500,10000
train,2025-07-13,SRhy,NSR,0,/Users/Sonny/Research/Ecgdata/2025-07-13/SRhy/152773_116564390_ecgdata.csv,152773_116564390_ecgdata.csv,4,10000,12500
train,2025-07-13,SRhy,NSR,0,/Users/Sonny/Research/Ecgdata/2025-07-13/SRhy/152773_116564390_ecgdata.csv,152773_116564390_ecgdata.csv,5,12500,15000
train,2025-07-13,SRhy,NSR,0,/Users/Sonny/Research/Ecgdata/2025-07-13/SRhy/152773_116564390_ecgdata.csv,152773_116564390_ecgdata.csv,6,15000,17500
train,2025-07-13,SRhy,NSR,0,/Users/Sonny/Research/Ecgdata/2025-07-13/SRhy/152773_116564390_ecgdata.csv,152773_116564390_ecgdata.csv,7,17500,20000
val,2025-07-15,AF,AFIB,1,/Users/Sonny/Research/Ecgdata/2025-07-15/AF/149578_117019527_ecgdata.csv,149578_117019527_ecgdata.csv,0,0,2500
val,2025-07-15,AF,AFIB,1,/Users/Sonny/Research/Ecgdata/2025-07-15/AF/149578_117019527_ecgdata.csv,149578_117019527_ecgdata.csv,1,2500,5000
val,2025-07-15,AF,AFIB,1,/Users/Sonny/Research/Ecgdata/2025-07-15/AF/149578_117019527_ecgdata.csv,149578_117019527_ecgdata.csv,2,5000,7500
val,2025-07-15,AF,AFIB,1,/Users/Sonny/Research/Ecgdata/2025-07-15/AF/149578_117019527_ecgdata.csv,149578_117019527_ecgdata.csv,3,7500,10000
val,2025-07-15,AF,AFIB,1,/Users/Sonny/Research/Ecgdata/2025-07-15/AF/149578_117019527_ecgdata.csv,149578_117019527_ecgdata.csv,4,10000,12500
val,2025-07-15,AF,AFIB,1,/Users/Sonny/Research/Ecgdata/2025-07-15/AF/149578_117019527_ecgdata.csv,149578_117019527_ecgdata.csv,5,12500,15000
val,2025-07-15,AF,AFIB,1,/Users/Sonny/Research/Ecgdata/2025-07-15/AF/149578_117019527_ecgdata.csv,149578_117019527_ecgdata.csv,6,15000,17500
val,2025-07-15,AF,AFIB,1,/Users/Sonny/Research/Ecgdata/2025-07-15/AF/149578_117019527_ecgdata.csv,149578_117019527_ecgdata.csv,7,17500,20000
val,2025-07-15,AF,AFIB,1,/Users/Sonny/Research/Ecgdata/2025-07-15/AF/150605_117094437_ecgdata.csv,150605_117094437_ecgdata.csv,0,0,2500
val,2025-07-15,AF,AFIB,1,/Users/Sonny/Research/Ecgdata/2025-07-15/AF/150605_117094437_ecgdata.csv,150605_117094437_ecgdata.csv,1,2500,5000
val,2025-07-15,AF,AFIB,1,/Users/Sonny/Research/Ecgdata/2025-07-15/AF/150605_117094437_ecgdata.csv,150605_117094437_ecgdata.csv,2,5000,7500
val,2025-07-15,AF,AFIB,1,/Users/Sonny/Research/Ecgdata/2025-07-15/AF/150605_117094437_ecgdata.csv,150605_117094437_ecgdata.csv,3,7500,10000
val,2025-07-15,AF,AFIB,1,/Users/Sonny/Research/Ecgdata/2025-07-15/AF/150605_117094437_ecgdata.csv,150605_117094437_ecgdata.csv,4,10000,12500
val,2025-07-15,AF,AFIB,1,/Users/Sonny/Research/Ecgdata/2025-07-15/AF/150605_117094437_ecgdata.csv,150605_117094437_ecgdata.csv,5,12500,15000
val,2025-07-15,AF,AFIB,1,/Users/Sonny/Research/Ecgdata/2025-07-15/AF/150605_117094437_ecgdata.csv,150605_117094437_ecgdata.csv,6,15000,17500
val,2025-07-15,AF,AFIB,1,/Users/Sonny/Research/Ecgdata/2025-07-15/AF/150605_117094437_ecgdata.csv,150605_117094437_ecgdata.csv,7,17500,20000
test,2025-07-15,AF,AFIB,1,/Users/Sonny/Research/Ecgdata/2025-07-15/AF/151029_116985099_ecgdata.csv,151029_116985099_ecgdata.csv,0,0,2500
test,2025-07-15,AF,AFIB,1,/Users/Sonny/Research/Ecgdata/2025-07-15/AF/151029_116985099_ecgdata.csv,151029_116985099_ecgdata.csv,1,2500,5000
test,2025-07-15,AF,AFIB,1,/Users/Sonny/Research/Ecgdata/2025-07-15/AF/151029_116985099_ecgdata.csv,151029_116985099_ecgdata.csv,2,5000,7500
test,2025-07-15,AF,AFIB,1,/Users/Sonny/Research/Ecgdata/2025-07-15/AF/151029_116985099_ecgdata.csv,151029_116985099_ecgdata.csv,3,7500,10000
test,2025-07-15,AF,AFIB,1,/Users/Sonny/Research/Ecgdata/2025-07-15/AF/151029_116985099_ecgdata.csv,151029_116985099_ecgdata.csv,4,10000,12500
test,2025-07-15,AF,AFIB,1,/Users/Sonny/Research/Ecgdata/2025-07-15/AF/151029_116985099_ecgdata.csv,151029_116985099_ecgdata.csv,5,12500,15000
test,2025-07-15,AF,AFIB,1,/Users/Sonny/Research/Ecgdata/2025-07-15/AF/151029_116985099_ecgdata.csv,151029_116985099_ecgdata.csv,6,15000,17500
test,2025-07-15,AF,AFIB,1,/Users/Sonny/Research/Ecgdata/2025-07-15/AF/151029_116985099_ecgdata.csv,151029_116985099_ecgdata.csv,7,17500,20000
train,2025-07-15,AF,AFIB,1,/Users/Sonny/Research/Ecgdata/2025-07-15/AF/152350_117103642_ecgdata.csv,152350_117103642_ecgdata.csv,0,0,2500
train,2025-07-15,AF,AFIB,1,/Users/Sonny/Research/Ecgdata/2025-07-15/AF/152350_117103642_ecgdata.csv,152350_117103642_ecgdata.csv,1,2500,5000
train,2025-07-15,AF,AFIB,1,/Users/Sonny/Research/Ecgdata/2025-07-15/AF/152350_117103642_ecgdata.csv,152350_117103642_ecgdata.csv,2,5000,7500
train,2025-07-15,AF,AFIB,1,/Users/Sonny/Research/Ecgdata/2025-07-15/AF/152350_117103642_ecgdata.csv,152350_117103642_ecgdata.csv,3,7500,10000
train,2025-07-15,AF,AFIB,1,/Users/Sonny/Research/Ecgdata/2025-07-15/AF/152350_117103642_ecgdata.csv,152350_117103642_ecgdata.csv,4,10000,12500
train,2025-07-15,AF,AFIB,1,/Users/Sonny/Research/Ecgdata/2025-07-15/AF/152350_117103642_ecgdata.csv,152350_117103642_ecgdata.csv,5,12500,15000
train,2025-07-15,AF,AFIB,1,/Users/Sonny/Research/Ecgdata/2025-07-15/AF/152350_117103642_ecgdata.csv,152350_117103642_ecgdata.csv,6,15000,17500
train,2025-07-15,AF,AFIB,1,/Users/Sonny/Research/Ecgdata/2025-07-15/AF/152350_117103642_ecgdata.csv,152350_117103642_ecgdata.csv,7,17500,20000
train,2025-07-13,AF,AFIB,1,/Users/Sonny/Research/Ecgdata/2025-07-13/AF/152602_116586493_ecgdata.csv,152602_116586493_ecgdata.csv,0,0,2500
train,2025-07-13,AF,AFIB,1,/Users/Sonny/Research/Ecgdata/2025-07-13/AF/152602_116586493_ecgdata.csv,152602_116586493_ecgdata.csv,1,2500,5000
train,2025-07-13,AF,AFIB,1,/Users/Sonny/Research/Ecgdata/2025-07-13/AF/152602_116586493_ecgdata.csv,152602_116586493_ecgdata.csv,2,5000,7500
train,2025-07-13,AF,AFIB,1,/Users/Sonny/Research/Ecgdata/2025-07-13/AF/152602_116586493_ecgdata.csv,152602_116586493_ecgdata.csv,3,7500,10000
train,2025-07-13,AF,AFIB,1,/Users/Sonny/Research/Ecgdata/2025-07-13/AF/152602_116586493_ecgdata.csv,152602_116586493_ecgdata.csv,4,10000,12500
train,2025-07-13,AF,AFIB,1,/Users/Sonny/Research/Ecgdata/2025-07-13/AF/152602_116586493_ecgdata.csv,152602_116586493_ecgdata.csv,5,12500,15000
train,2025-07-13,AF,AFIB,1,/Users/Sonny/Research/Ecgdata/2025-07-13/AF/152602_116586493_ecgdata.csv,152602_116586493_ecgdata.csv,6,15000,17500
train,2025-07-13,AF,AFIB,1,/Users/Sonny/Research/Ecgdata/2025-07-13/AF/152602_116586493_ecgdata.csv,152602_116586493_ecgdata.csv,7,17500,20000
train,2025-07-15,AF,AFIB,1,/Users/Sonny/Research/Ecgdata/2025-07-15/AF/153002_117055226_ecgdata.csv,153002_117055226_ecgdata.csv,0,0,2500
train,2025-07-15,AF,AFIB,1,/Users/Sonny/Research/Ecgdata/2025-07-15/AF/153002_117055226_ecgdata.csv,153002_117055226_ecgdata.csv,1,2500,5000
train,2025-07-15,AF,AFIB,1,/Users/Sonny/Research/Ecgdata/2025-07-15/AF/153002_117055226_ecgdata.csv,153002_117055226_ecgdata.csv,2,5000,7500
train,2025-07-15,AF,AFIB,1,/Users/Sonny/Research/Ecgdata/2025-07-15/AF/153002_117055226_ecgdata.csv,153002_117055226_ecgdata.csv,3,7500,10000
train,2025-07-15,AF,AFIB,1,/Users/Sonny/Research/Ecgdata/2025-07-15/AF/153002_117055226_ecgdata.csv,153002_117055226_ecgdata.csv,4,10000,12500
train,2025-07-15,AF,AFIB,1,/Users/Sonny/Research/Ecgdata/2025-07-15/AF/153002_117055226_ecgdata.csv,153002_117055226_ecgdata.csv,5,12500,15000
train,2025-07-15,AF,AFIB,1,/Users/Sonny/Research/Ecgdata/2025-07-15/AF/153002_117055226_ecgdata.csv,153002_117055226_ecgdata.csv,6,15000,17500
train,2025-07-15,AF,AFIB,1,/Users/Sonny/Research/Ecgdata/2025-07-15/AF/153002_117055226_ecgdata.csv,153002_117055226_ecgdata.csv,7,17500,20000
train,2025-07-15,AF,AFIB,1,/Users/Sonny/Research/Ecgdata/2025-07-15/AF/152109_117047020_ecgdata.csv,152109_117047020_ecgdata.csv,0,0,2500
train,2025-07-15,AF,AFIB,1,/Users/Sonny/Research/Ecgdata/2025-07-15/AF/152109_117047020_ecgdata.csv,152109_117047020_ecgdata.csv,1,2500,5000
train,2025-07-15,AF,AFIB,1,/Users/Sonny/Research/Ecgdata/2025-07-15/AF/152109_117047020_ecgdata.csv,152109_117047020_ecgdata.csv,2,5000,7500
train,2025-07-15,AF,AFIB,1,/Users/Sonny/Research/Ecgdata/2025-07-15/AF/152109_117047020_ecgdata.csv,152109_117047020_ecgdata.csv,3,7500,10000
train,2025-07-15,AF,AFIB,1,/Users/Sonny/Research/Ecgdata/2025-07-15/AF/152109_117047020_ecgdata.csv,152109_117047020_ecgdata.csv,4,10000,12500
train,2025-07-15,AF,AFIB,1,/Users/Sonny/Research/Ecgdata/2025-07-15/AF/152109_117047020_ecgdata.csv,152109_117047020_ecgdata.csv,5,12500,15000
train,2025-07-15,AF,AFIB,1,/Users/Sonny/Research/Ecgdata/2025-07-15/AF/152109_117047020_ecgdata.csv,152109_117047020_ecgdata.csv,6,15000,17500
train,2025-07-15,AF,AFIB,1,/Users/Sonny/Research/Ecgdata/2025-07-15/AF/152109_117047020_ecgdata.csv,152109_117047020_ecgdata.csv,7,17500,20000
train,2025-07-14,AF,AFIB,1,/Users/Sonny/Research/Ecgdata/2025-07-14/AF/152350_116924292_ecgdata.csv,152350_116924292_ecgdata.csv,0,0,2500
train,2025-07-14,AF,AFIB,1,/Users/Sonny/Research/Ecgdata/2025-07-14/AF/152350_116924292_ecgdata.csv,152350_116924292_ecgdata.csv,1,2500,5000
train,2025-07-14,AF,AFIB,1,/Users/Sonny/Research/Ecgdata/2025-07-14/AF/152350_116924292_ecgdata.csv,152350_116924292_ecgdata.csv,2,5000,7500
train,2025-07-14,AF,AFIB,1,/Users/Sonny/Research/Ecgdata/2025-07-14/AF/152350_116924292_ecgdata.csv,152350_116924292_ecgdata.csv,3,7500,10000
train,2025-07-14,AF,AFIB,1,/Users/Sonny/Research/Ecgdata/2025-07-14/AF/152350_116924292_ecgdata.csv,152350_116924292_ecgdata.csv,4,10000,12500
train,2025-07-14,AF,AFIB,1,/Users/Sonny/Research/Ecgdata/2025-07-14/AF/152350_116924292_ecgdata.csv,152350_116924292_ecgdata.csv,5,12500,15000
train,2025-07-14,AF,AFIB,1,/Users/Sonny/Research/Ecgdata/2025-07-14/AF/152350_116924292_ecgdata.csv,152350_116924292_ecgdata.csv,6,15000,17500
train,2025-07-14,AF,AFIB,1,/Users/Sonny/Research/Ecgdata/2025-07-14/AF/152350_116924292_ecgdata.csv,152350_116924292_ecgdata.csv,7,17500,20000
train,2025-07-15,AF,AFIB,1,/Users/Sonny/Research/Ecgdata/2025-07-15/AF/149080_117043320_ecgdata.csv,149080_117043320_ecgdata.csv,0,0,2500
train,2025-07-15,AF,AFIB,1,/Users/Sonny/Research/Ecgdata/2025-07-15/AF/149080_117043320_ecgdata.csv,149080_117043320_ecgdata.csv,1,2500,5000
train,2025-07-15,AF,AFIB,1,/Users/Sonny/Research/Ecgdata/2025-07-15/AF/149080_117043320_ecgdata.csv,149080_117043320_ecgdata.csv,2,5000,7500
train,2025-07-15,AF,AFIB,1,/Users/Sonny/Research/Ecgdata/2025-07-15/AF/149080_117043320_ecgdata.csv,149080_117043320_ecgdata.csv,3,7500,10000
train,2025-07-15,AF,AFIB,1,/Users/Sonny/Research/Ecgdata/2025-07-15/AF/149080_117043320_ecgdata.csv,149080_117043320_ecgdata.csv,4,10000,12500
train,2025-07-15,AF,AFIB,1,/Users/Sonny/Research/Ecgdata/2025-07-15/AF/149080_117043320_ecgdata.csv,149080_117043320_ecgdata.csv,5,12500,15000
train,2025-07-15,AF,AFIB,1,/Users/Sonny/Research/Ecgdata/2025-07-15/AF/149080_117043320_ecgdata.csv,149080_117043320_ecgdata.csv,6,15000,17500
train,2025-07-15,AF,AFIB,1,/Users/Sonny/Research/Ecgdata/2025-07-15/AF/149080_117043320_ecgdata.csv,149080_117043320_ecgdata.csv,7,17500,20000
train,2025-07-13,AF,AFIB,1,/Users/Sonny/Research/Ecgdata/2025-07-13/AF/152621_116548787_ecgdata.csv,152621_116548787_ecgdata.csv,0,0,2500
train,2025-07-13,AF,AFIB,1,/Users/Sonny/Research/Ecgdata/2025-07-13/AF/152621_116548787_ecgdata.csv,152621_116548787_ecgdata.csv,1,2500,5000
train,2025-07-13,AF,AFIB,1,/Users/Sonny/Research/Ecgdata/2025-07-13/AF/152621_116548787_ecgdata.csv,152621_116548787_ecgdata.csv,2,5000,7500
train,2025-07-13,AF,AFIB,1,/Users/Sonny/Research/Ecgdata/2025-07-13/AF/152621_116548787_ecgdata.csv,152621_116548787_ecgdata.csv,3,7500,10000
train,2025-07-13,AF,AFIB,1,/Users/Sonny/Research/Ecgdata/2025-07-13/AF/152621_116548787_ecgdata.csv,152621_116548787_ecgdata.csv,4,10000,12500
train,2025-07-13,AF,AFIB,1,/Users/Sonny/Research/Ecgdata/2025-07-13/AF/152621_116548787_ecgdata.csv,152621_116548787_ecgdata.csv,5,12500,15000
train,2025-07-13,AF,AFIB,1,/Users/Sonny/Research/Ecgdata/2025-07-13/AF/152621_116548787_ecgdata.csv,152621_116548787_ecgdata.csv,6,15000,17500
train,2025-07-13,AF,AFIB,1,/Users/Sonny/Research/Ecgdata/2025-07-13/AF/152621_116548787_ecgdata.csv,152621_116548787_ecgdata.csv,7,17500,20000
train,2025-07-13,AF,AFIB,1,/Users/Sonny/Research/Ecgdata/2025-07-13/AF/152350_116640355_ecgdata.csv,152350_116640355_ecgdata.csv,0,0,2500
train,2025-07-13,AF,AFIB,1,/Users/Sonny/Research/Ecgdata/2025-07-13/AF/152350_116640355_ecgdata.csv,152350_116640355_ecgdata.csv,1,2500,5000
train,2025-07-13,AF,AFIB,1,/Users/Sonny/Research/Ecgdata/2025-07-13/AF/152350_116640355_ecgdata.csv,152350_116640355_ecgdata.csv,2,5000,7500
train,2025-07-13,AF,AFIB,1,/Users/Sonny/Research/Ecgdata/2025-07-13/AF/152350_116640355_ecgdata.csv,152350_116640355_ecgdata.csv,3,7500,10000
train,2025-07-13,AF,AFIB,1,/Users/Sonny/Research/Ecgdata/2025-07-13/AF/152350_116640355_ecgdata.csv,152350_116640355_ecgdata.csv,4,10000,12500
train,2025-07-13,AF,AFIB,1,/Users/Sonny/Research/Ecgdata/2025-07-13/AF/152350_116640355_ecgdata.csv,152350_116640355_ecgdata.csv,5,12500,15000
train,2025-07-13,AF,AFIB,1,/Users/Sonny/Research/Ecgdata/2025-07-13/AF/152350_116640355_ecgdata.csv,152350_116640355_ecgdata.csv,6,15000,17500
train,2025-07-13,AF,AFIB,1,/Users/Sonny/Research/Ecgdata/2025-07-13/AF/152350_116640355_ecgdata.csv,152350_116640355_ecgdata.csv,7,17500,20000
train,2025-07-13,AF,AFIB,1,/Users/Sonny/Research/Ecgdata/2025-07-13/AF/150652_116718385_ecgdata.csv,150652_116718385_ecgdata.csv,0,0,2500
train,2025-07-13,AF,AFIB,1,/Users/Sonny/Research/Ecgdata/2025-07-13/AF/150652_116718385_ecgdata.csv,150652_116718385_ecgdata.csv,1,2500,5000
train,2025-07-13,AF,AFIB,1,/Users/Sonny/Research/Ecgdata/2025-07-13/AF/150652_116718385_ecgdata.csv,150652_116718385_ecgdata.csv,2,5000,7500
train,2025-07-13,AF,AFIB,1,/Users/Sonny/Research/Ecgdata/2025-07-13/AF/150652_116718385_ecgdata.csv,150652_116718385_ecgdata.csv,3,7500,10000
train,2025-07-13,AF,AFIB,1,/Users/Sonny/Research/Ecgdata/2025-07-13/AF/150652_116718385_ecgdata.csv,150652_116718385_ecgdata.csv,4,10000,12500
train,2025-07-13,AF,AFIB,1,/Users/Sonny/Research/Ecgdata/2025-07-13/AF/150652_116718385_ecgdata.csv,150652_116718385_ecgdata.csv,5,12500,15000
train,2025-07-13,AF,AFIB,1,/Users/Sonny/Research/Ecgdata/2025-07-13/AF/150652_116718385_ecgdata.csv,150652_116718385_ecgdata.csv,6,15000,17500
train,2025-07-13,AF,AFIB,1,/Users/Sonny/Research/Ecgdata/2025-07-13/AF/150652_116718385_ecgdata.csv,150652_116718385_ecgdata.csv,7,17500,20000
val,2025-07-13,Wenck,SBR,2,/Users/Sonny/Research/Ecgdata/2025-07-13/Wenck/149737_116541130_ecgdata.csv,149737_116541130_ecgdata.csv,0,0,2500
val,2025-07-13,Wenck,SBR,2,/Users/Sonny/Research/Ecgdata/2025-07-13/Wenck/149737_116541130_ecgdata.csv,149737_116541130_ecgdata.csv,1,2500,5000
val,2025-07-13,Wenck,SBR,2,/Users/Sonny/Research/Ecgdata/2025-07-13/Wenck/149737_116541130_ecgdata.csv,149737_116541130_ecgdata.csv,2,5000,7500
val,2025-07-13,Wenck,SBR,2,/Users/Sonny/Research/Ecgdata/2025-07-13/Wenck/149737_116541130_ecgdata.csv,149737_116541130_ecgdata.csv,3,7500,10000
val,2025-07-13,Wenck,SBR,2,/Users/Sonny/Research/Ecgdata/2025-07-13/Wenck/149737_116541130_ecgdata.csv,149737_116541130_ecgdata.csv,4,10000,12500
val,2025-07-13,Wenck,SBR,2,/Users/Sonny/Research/Ecgdata/2025-07-13/Wenck/149737_116541130_ecgdata.csv,149737_116541130_ecgdata.csv,5,12500,15000
val,2025-07-13,Wenck,SBR,2,/Users/Sonny/Research/Ecgdata/2025-07-13/Wenck/149737_116541130_ecgdata.csv,149737_116541130_ecgdata.csv,6,15000,17500
val,2025-07-13,Wenck,SBR,2,/Users/Sonny/Research/Ecgdata/2025-07-13/Wenck/149737_116541130_ecgdata.csv,149737_116541130_ecgdata.csv,7,17500,20000
val,2025-07-13,Wenck,SBR,2,/Users/Sonny/Research/Ecgdata/2025-07-13/Wenck/152316_116617656_ecgdata.csv,152316_116617656_ecgdata.csv,0,0,2500
val,2025-07-13,Wenck,SBR,2,/Users/Sonny/Research/Ecgdata/2025-07-13/Wenck/152316_116617656_ecgdata.csv,152316_116617656_ecgdata.csv,1,2500,5000
val,2025-07-13,Wenck,SBR,2,/Users/Sonny/Research/Ecgdata/2025-07-13/Wenck/152316_116617656_ecgdata.csv,152316_116617656_ecgdata.csv,2,5000,7500
val,2025-07-13,Wenck,SBR,2,/Users/Sonny/Research/Ecgdata/2025-07-13/Wenck/152316_116617656_ecgdata.csv,152316_116617656_ecgdata.csv,3,7500,10000
val,2025-07-13,Wenck,SBR,2,/Users/Sonny/Research/Ecgdata/2025-07-13/Wenck/152316_116617656_ecgdata.csv,152316_116617656_ecgdata.csv,4,10000,12500
val,2025-07-13,Wenck,SBR,2,/Users/Sonny/Research/Ecgdata/2025-07-13/Wenck/152316_116617656_ecgdata.csv,152316_116617656_ecgdata.csv,5,12500,15000
val,2025-07-13,Wenck,SBR,2,/Users/Sonny/Research/Ecgdata/2025-07-13/Wenck/152316_116617656_ecgdata.csv,152316_116617656_ecgdata.csv,6,15000,17500
val,2025-07-13,Wenck,SBR,2,/Users/Sonny/Research/Ecgdata/2025-07-13/Wenck/152316_116617656_ecgdata.csv,152316_116617656_ecgdata.csv,7,17500,20000
test,2025-07-14,PaRhy,SBR,2,/Users/Sonny/Research/Ecgdata/2025-07-14/PaRhy/153193_116890386_ecgdata.csv,153193_116890386_ecgdata.csv,0,0,2500
test,2025-07-14,PaRhy,SBR,2,/Users/Sonny/Research/Ecgdata/2025-07-14/PaRhy/153193_116890386_ecgdata.csv,153193_116890386_ecgdata.csv,1,2500,5000
test,2025-07-14,PaRhy,SBR,2,/Users/Sonny/Research/Ecgdata/2025-07-14/PaRhy/153193_116890386_ecgdata.csv,153193_116890386_ecgdata.csv,2,5000,7500
test,2025-07-14,PaRhy,SBR,2,/Users/Sonny/Research/Ecgdata/2025-07-14/PaRhy/153193_116890386_ecgdata.csv,153193_116890386_ecgdata.csv,3,7500,10000
test,2025-07-14,PaRhy,SBR,2,/Users/Sonny/Research/Ecgdata/2025-07-14/PaRhy/153193_116890386_ecgdata.csv,153193_116890386_ecgdata.csv,4,10000,12500
test,2025-07-14,PaRhy,SBR,2,/Users/Sonny/Research/Ecgdata/2025-07-14/PaRhy/153193_116890386_ecgdata.csv,153193_116890386_ecgdata.csv,5,12500,15000
test,2025-07-14,PaRhy,SBR,2,/Users/Sonny/Research/Ecgdata/2025-07-14/PaRhy/153193_116890386_ecgdata.csv,153193_116890386_ecgdata.csv,6,15000,17500
test,2025-07-14,PaRhy,SBR,2,/Users/Sonny/Research/Ecgdata/2025-07-14/PaRhy/153193_116890386_ecgdata.csv,153193_116890386_ecgdata.csv,7,17500,20000
train,2025-07-14,PaRhy,SBR,2,/Users/Sonny/Research/Ecgdata/2025-07-14/PaRhy/153193_116838866_ecgdata.csv,153193_116838866_ecgdata.csv,0,0,2500
train,2025-07-14,PaRhy,SBR,2,/Users/Sonny/Research/Ecgdata/2025-07-14/PaRhy/153193_116838866_ecgdata.csv,153193_116838866_ecgdata.csv,1,2500,5000
train,2025-07-14,PaRhy,SBR,2,/Users/Sonny/Research/Ecgdata/2025-07-14/PaRhy/153193_116838866_ecgdata.csv,153193_116838866_ecgdata.csv,2,5000,7500
train,2025-07-14,PaRhy,SBR,2,/Users/Sonny/Research/Ecgdata/2025-07-14/PaRhy/153193_116838866_ecgdata.csv,153193_116838866_ecgdata.csv,3,7500,10000
train,2025-07-14,PaRhy,SBR,2,/Users/Sonny/Research/Ecgdata/2025-07-14/PaRhy/153193_116838866_ecgdata.csv,153193_116838866_ecgdata.csv,4,10000,12500
train,2025-07-14,PaRhy,SBR,2,/Users/Sonny/Research/Ecgdata/2025-07-14/PaRhy/153193_116838866_ecgdata.csv,153193_116838866_ecgdata.csv,5,12500,15000
train,2025-07-14,PaRhy,SBR,2,/Users/Sonny/Research/Ecgdata/2025-07-14/PaRhy/153193_116838866_ecgdata.csv,153193_116838866_ecgdata.csv,6,15000,17500
train,2025-07-14,PaRhy,SBR,2,/Users/Sonny/Research/Ecgdata/2025-07-14/PaRhy/153193_116838866_ecgdata.csv,153193_116838866_ecgdata.csv,7,17500,20000
train,2025-07-15,PaRhy,SBR,2,/Users/Sonny/Research/Ecgdata/2025-07-15/PaRhy/153193_117052848_ecgdata.csv,153193_117052848_ecgdata.csv,0,0,2500
train,2025-07-15,PaRhy,SBR,2,/Users/Sonny/Research/Ecgdata/2025-07-15/PaRhy/153193_117052848_ecgdata.csv,153193_117052848_ecgdata.csv,1,2500,5000
train,2025-07-15,PaRhy,SBR,2,/Users/Sonny/Research/Ecgdata/2025-07-15/PaRhy/153193_117052848_ecgdata.csv,153193_117052848_ecgdata.csv,2,5000,7500
train,2025-07-15,PaRhy,SBR,2,/Users/Sonny/Research/Ecgdata/2025-07-15/PaRhy/153193_117052848_ecgdata.csv,153193_117052848_ecgdata.csv,3,7500,10000
train,2025-07-15,PaRhy,SBR,2,/Users/Sonny/Research/Ecgdata/2025-07-15/PaRhy/153193_117052848_ecgdata.csv,153193_117052848_ecgdata.csv,4,10000,12500
train,2025-07-15,PaRhy,SBR,2,/Users/Sonny/Research/Ecgdata/2025-07-15/PaRhy/153193_117052848_ecgdata.csv,153193_117052848_ecgdata.csv,5,12500,15000
train,2025-07-15,PaRhy,SBR,2,/Users/Sonny/Research/Ecgdata/2025-07-15/PaRhy/153193_117052848_ecgdata.csv,153193_117052848_ecgdata.csv,6,15000,17500
train,2025-07-15,PaRhy,SBR,2,/Users/Sonny/Research/Ecgdata/2025-07-15/PaRhy/153193_117052848_ecgdata.csv,153193_117052848_ecgdata.csv,7,17500,20000
train,2025-07-14,Wenck,SBR,2,/Users/Sonny/Research/Ecgdata/2025-07-14/Wenck/150971_116849401_ecgdata.csv,150971_116849401_ecgdata.csv,0,0,2500
train,2025-07-14,Wenck,SBR,2,/Users/Sonny/Research/Ecgdata/2025-07-14/Wenck/150971_116849401_ecgdata.csv,150971_116849401_ecgdata.csv,1,2500,5000
train,2025-07-14,Wenck,SBR,2,/Users/Sonny/Research/Ecgdata/2025-07-14/Wenck/150971_116849401_ecgdata.csv,150971_116849401_ecgdata.csv,2,5000,7500
train,2025-07-14,Wenck,SBR,2,/Users/Sonny/Research/Ecgdata/2025-07-14/Wenck/150971_116849401_ecgdata.csv,150971_116849401_ecgdata.csv,3,7500,10000
train,2025-07-14,Wenck,SBR,2,/Users/Sonny/Research/Ecgdata/2025-07-14/Wenck/150971_116849401_ecgdata.csv,150971_116849401_ecgdata.csv,4,10000,12500
train,2025-07-14,Wenck,SBR,2,/Users/Sonny/Research/Ecgdata/2025-07-14/Wenck/150971_116849401_ecgdata.csv,150971_116849401_ecgdata.csv,5,12500,15000
train,2025-07-14,Wenck,SBR,2,/Users/Sonny/Research/Ecgdata/2025-07-14/Wenck/150971_116849401_ecgdata.csv,150971_116849401_ecgdata.csv,6,15000,17500
train,2025-07-14,Wenck,SBR,2,/Users/Sonny/Research/Ecgdata/2025-07-14/Wenck/150971_116849401_ecgdata.csv,150971_116849401_ecgdata.csv,7,17500,20000
train,2025-07-15,JuRhy,SBR,2,/Users/Sonny/Research/Ecgdata/2025-07-15/JuRhy/152904_117080385_ecgdata.csv,152904_117080385_ecgdata.csv,0,0,2500
train,2025-07-15,JuRhy,SBR,2,/Users/Sonny/Research/Ecgdata/2025-07-15/JuRhy/152904_117080385_ecgdata.csv,152904_117080385_ecgdata.csv,1,2500,5000
train,2025-07-15,JuRhy,SBR,2,/Users/Sonny/Research/Ecgdata/2025-07-15/JuRhy/152904_117080385_ecgdata.csv,152904_117080385_ecgdata.csv,2,5000,7500
train,2025-07-15,JuRhy,SBR,2,/Users/Sonny/Research/Ecgdata/2025-07-15/JuRhy/152904_117080385_ecgdata.csv,152904_117080385_ecgdata.csv,3,7500,10000
train,2025-07-15,JuRhy,SBR,2,/Users/Sonny/Research/Ecgdata/2025-07-15/JuRhy/152904_117080385_ecgdata.csv,152904_117080385_ecgdata.csv,4,10000,12500
train,2025-07-15,JuRhy,SBR,2,/Users/Sonny/Research/Ecgdata/2025-07-15/JuRhy/152904_117080385_ecgdata.csv,152904_117080385_ecgdata.csv,5,12500,15000
train,2025-07-15,JuRhy,SBR,2,/Users/Sonny/Research/Ecgdata/2025-07-15/JuRhy/152904_117080385_ecgdata.csv,152904_117080385_ecgdata.csv,6,15000,17500
train,2025-07-15,JuRhy,SBR,2,/Users/Sonny/Research/Ecgdata/2025-07-15/JuRhy/152904_117080385_ecgdata.csv,152904_117080385_ecgdata.csv,7,17500,20000
train,2025-07-15,PaRhy,SBR,2,/Users/Sonny/Research/Ecgdata/2025-07-15/PaRhy/153193_117060621_ecgdata.csv,153193_117060621_ecgdata.csv,0,0,2500
train,2025-07-15,PaRhy,SBR,2,/Users/Sonny/Research/Ecgdata/2025-07-15/PaRhy/153193_117060621_ecgdata.csv,153193_117060621_ecgdata.csv,1,2500,5000
train,2025-07-15,PaRhy,SBR,2,/Users/Sonny/Research/Ecgdata/2025-07-15/PaRhy/153193_117060621_ecgdata.csv,153193_117060621_ecgdata.csv,2,5000,7500
train,2025-07-15,PaRhy,SBR,2,/Users/Sonny/Research/Ecgdata/2025-07-15/PaRhy/153193_117060621_ecgdata.csv,153193_117060621_ecgdata.csv,3,7500,10000
train,2025-07-15,PaRhy,SBR,2,/Users/Sonny/Research/Ecgdata/2025-07-15/PaRhy/153193_117060621_ecgdata.csv,153193_117060621_ecgdata.csv,4,10000,12500
train,2025-07-15,PaRhy,SBR,2,/Users/Sonny/Research/Ecgdata/2025-07-15/PaRhy/153193_117060621_ecgdata.csv,153193_117060621_ecgdata.csv,5,12500,15000
train,2025-07-15,PaRhy,SBR,2,/Users/Sonny/Research/Ecgdata/2025-07-15/PaRhy/153193_117060621_ecgdata.csv,153193_117060621_ecgdata.csv,6,15000,17500
train,2025-07-15,PaRhy,SBR,2,/Users/Sonny/Research/Ecgdata/2025-07-15/PaRhy/153193_117060621_ecgdata.csv,153193_117060621_ecgdata.csv,7,17500,20000
train,2025-07-15,JuRhy,SBR,2,/Users/Sonny/Research/Ecgdata/2025-07-15/JuRhy/151281_117019728_ecgdata.csv,151281_117019728_ecgdata.csv,0,0,2500
train,2025-07-15,JuRhy,SBR,2,/Users/Sonny/Research/Ecgdata/2025-07-15/JuRhy/151281_117019728_ecgdata.csv,151281_117019728_ecgdata.csv,1,2500,5000
train,2025-07-15,JuRhy,SBR,2,/Users/Sonny/Research/Ecgdata/2025-07-15/JuRhy/151281_117019728_ecgdata.csv,151281_117019728_ecgdata.csv,2,5000,7500
train,2025-07-15,JuRhy,SBR,2,/Users/Sonny/Research/Ecgdata/2025-07-15/JuRhy/151281_117019728_ecgdata.csv,151281_117019728_ecgdata.csv,3,7500,10000
train,2025-07-15,JuRhy,SBR,2,/Users/Sonny/Research/Ecgdata/2025-07-15/JuRhy/151281_117019728_ecgdata.csv,151281_117019728_ecgdata.csv,4,10000,12500
train,2025-07-15,JuRhy,SBR,2,/Users/Sonny/Research/Ecgdata/2025-07-15/JuRhy/151281_117019728_ecgdata.csv,151281_117019728_ecgdata.csv,5,12500,15000
train,2025-07-15,JuRhy,SBR,2,/Users/Sonny/Research/Ecgdata/2025-07-15/JuRhy/151281_117019728_ecgdata.csv,151281_117019728_ecgdata.csv,6,15000,17500
train,2025-07-15,JuRhy,SBR,2,/Users/Sonny/Research/Ecgdata/2025-07-15/JuRhy/151281_117019728_ecgdata.csv,151281_117019728_ecgdata.csv,7,17500,20000
train,2025-07-14,PaRhy,SBR,2,/Users/Sonny/Research/Ecgdata/2025-07-14/PaRhy/153193_116840818_ecgdata.csv,153193_116840818_ecgdata.csv,0,0,2500
train,2025-07-14,PaRhy,SBR,2,/Users/Sonny/Research/Ecgdata/2025-07-14/PaRhy/153193_116840818_ecgdata.csv,153193_116840818_ecgdata.csv,1,2500,5000
train,2025-07-14,PaRhy,SBR,2,/Users/Sonny/Research/Ecgdata/2025-07-14/PaRhy/153193_116840818_ecgdata.csv,153193_116840818_ecgdata.csv,2,5000,7500
train,2025-07-14,PaRhy,SBR,2,/Users/Sonny/Research/Ecgdata/2025-07-14/PaRhy/153193_116840818_ecgdata.csv,153193_116840818_ecgdata.csv,3,7500,10000
train,2025-07-14,PaRhy,SBR,2,/Users/Sonny/Research/Ecgdata/2025-07-14/PaRhy/153193_116840818_ecgdata.csv,153193_116840818_ecgdata.csv,4,10000,12500
train,2025-07-14,PaRhy,SBR,2,/Users/Sonny/Research/Ecgdata/2025-07-14/PaRhy/153193_116840818_ecgdata.csv,153193_116840818_ecgdata.csv,5,12500,15000
train,2025-07-14,PaRhy,SBR,2,/Users/Sonny/Research/Ecgdata/2025-07-14/PaRhy/153193_116840818_ecgdata.csv,153193_116840818_ecgdata.csv,6,15000,17500
train,2025-07-14,PaRhy,SBR,2,/Users/Sonny/Research/Ecgdata/2025-07-14/PaRhy/153193_116840818_ecgdata.csv,153193_116840818_ecgdata.csv,7,17500,20000
train,2025-07-14,JuRhy,SBR,2,/Users/Sonny/Research/Ecgdata/2025-07-14/JuRhy/152904_116728538_ecgdata.csv,152904_116728538_ecgdata.csv,0,0,2500
train,2025-07-14,JuRhy,SBR,2,/Users/Sonny/Research/Ecgdata/2025-07-14/JuRhy/152904_116728538_ecgdata.csv,152904_116728538_ecgdata.csv,1,2500,5000
train,2025-07-14,JuRhy,SBR,2,/Users/Sonny/Research/Ecgdata/2025-07-14/JuRhy/152904_116728538_ecgdata.csv,152904_116728538_ecgdata.csv,2,5000,7500
train,2025-07-14,JuRhy,SBR,2,/Users/Sonny/Research/Ecgdata/2025-07-14/JuRhy/152904_116728538_ecgdata.csv,152904_116728538_ecgdata.csv,3,7500,10000
train,2025-07-14,JuRhy,SBR,2,/Users/Sonny/Research/Ecgdata/2025-07-14/JuRhy/152904_116728538_ecgdata.csv,152904_116728538_ecgdata.csv,4,10000,12500
train,2025-07-14,JuRhy,SBR,2,/Users/Sonny/Research/Ecgdata/2025-07-14/JuRhy/152904_116728538_ecgdata.csv,152904_116728538_ecgdata.csv,5,12500,15000
train,2025-07-14,JuRhy,SBR,2,/Users/Sonny/Research/Ecgdata/2025-07-14/JuRhy/152904_116728538_ecgdata.csv,152904_116728538_ecgdata.csv,6,15000,17500
train,2025-07-14,JuRhy,SBR,2,/Users/Sonny/Research/Ecgdata/2025-07-14/JuRhy/152904_116728538_ecgdata.csv,152904_116728538_ecgdata.csv,7,17500,20000
train,2025-07-15,JuRhy,SBR,2,/Users/Sonny/Research/Ecgdata/2025-07-15/JuRhy/150417_116948393_ecgdata.csv,150417_116948393_ecgdata.csv,0,0,2500
train,2025-07-15,JuRhy,SBR,2,/Users/Sonny/Research/Ecgdata/2025-07-15/JuRhy/150417_116948393_ecgdata.csv,150417_116948393_ecgdata.csv,1,2500,5000
train,2025-07-15,JuRhy,SBR,2,/Users/Sonny/Research/Ecgdata/2025-07-15/JuRhy/150417_116948393_ecgdata.csv,150417_116948393_ecgdata.csv,2,5000,7500
train,2025-07-15,JuRhy,SBR,2,/Users/Sonny/Research/Ecgdata/2025-07-15/JuRhy/150417_116948393_ecgdata.csv,150417_116948393_ecgdata.csv,3,7500,10000
train,2025-07-15,JuRhy,SBR,2,/Users/Sonny/Research/Ecgdata/2025-07-15/JuRhy/150417_116948393_ecgdata.csv,150417_116948393_ecgdata.csv,4,10000,12500
train,2025-07-15,JuRhy,SBR,2,/Users/Sonny/Research/Ecgdata/2025-07-15/JuRhy/150417_116948393_ecgdata.csv,150417_116948393_ecgdata.csv,5,12500,15000
train,2025-07-15,JuRhy,SBR,2,/Users/Sonny/Research/Ecgdata/2025-07-15/JuRhy/150417_116948393_ecgdata.csv,150417_116948393_ecgdata.csv,6,15000,17500
train,2025-07-15,JuRhy,SBR,2,/Users/Sonny/Research/Ecgdata/2025-07-15/JuRhy/150417_116948393_ecgdata.csv,150417_116948393_ecgdata.csv,7,17500,20000
val,2025-07-15,EctAt,AB,3,/Users/Sonny/Research/Ecgdata/2025-07-15/EctAt/149845_117033684_ecgdata.csv,149845_117033684_ecgdata.csv,0,0,2500
val,2025-07-15,EctAt,AB,3,/Users/Sonny/Research/Ecgdata/2025-07-15/EctAt/149845_117033684_ecgdata.csv,149845_117033684_ecgdata.csv,1,2500,5000
val,2025-07-15,EctAt,AB,3,/Users/Sonny/Research/Ecgdata/2025-07-15/EctAt/149845_117033684_ecgdata.csv,149845_117033684_ecgdata.csv,2,5000,7500
val,2025-07-15,EctAt,AB,3,/Users/Sonny/Research/Ecgdata/2025-07-15/EctAt/149845_117033684_ecgdata.csv,149845_117033684_ecgdata.csv,3,7500,10000
val,2025-07-15,EctAt,AB,3,/Users/Sonny/Research/Ecgdata/2025-07-15/EctAt/149845_117033684_ecgdata.csv,149845_117033684_ecgdata.csv,4,10000,12500
val,2025-07-15,EctAt,AB,3,/Users/Sonny/Research/Ecgdata/2025-07-15/EctAt/149845_117033684_ecgdata.csv,149845_117033684_ecgdata.csv,5,12500,15000
val,2025-07-15,EctAt,AB,3,/Users/Sonny/Research/Ecgdata/2025-07-15/EctAt/149845_117033684_ecgdata.csv,149845_117033684_ecgdata.csv,6,15000,17500
val,2025-07-15,EctAt,AB,3,/Users/Sonny/Research/Ecgdata/2025-07-15/EctAt/149845_117033684_ecgdata.csv,149845_117033684_ecgdata.csv,7,17500,20000
val,2025-07-15,EctAt,AB,3,/Users/Sonny/Research/Ecgdata/2025-07-15/EctAt/152989_117120175_ecgdata.csv,152989_117120175_ecgdata.csv,0,0,2500
val,2025-07-15,EctAt,AB,3,/Users/Sonny/Research/Ecgdata/2025-07-15/EctAt/152989_117120175_ecgdata.csv,152989_117120175_ecgdata.csv,1,2500,5000
val,2025-07-15,EctAt,AB,3,/Users/Sonny/Research/Ecgdata/2025-07-15/EctAt/152989_117120175_ecgdata.csv,152989_117120175_ecgdata.csv,2,5000,7500
val,2025-07-15,EctAt,AB,3,/Users/Sonny/Research/Ecgdata/2025-07-15/EctAt/152989_117120175_ecgdata.csv,152989_117120175_ecgdata.csv,3,7500,10000
val,2025-07-15,EctAt,AB,3,/Users/Sonny/Research/Ecgdata/2025-07-15/EctAt/152989_117120175_ecgdata.csv,152989_117120175_ecgdata.csv,4,10000,12500
val,2025-07-15,EctAt,AB,3,/Users/Sonny/Research/Ecgdata/2025-07-15/EctAt/152989_117120175_ecgdata.csv,152989_117120175_ecgdata.csv,5,12500,15000
val,2025-07-15,EctAt,AB,3,/Users/Sonny/Research/Ecgdata/2025-07-15/EctAt/152989_117120175_ecgdata.csv,152989_117120175_ecgdata.csv,6,15000,17500
val,2025-07-15,EctAt,AB,3,/Users/Sonny/Research/Ecgdata/2025-07-15/EctAt/152989_117120175_ecgdata.csv,152989_117120175_ecgdata.csv,7,17500,20000
test,2025-07-14,AtCou,AB,3,/Users/Sonny/Research/Ecgdata/2025-07-14/AtCou/150190_116930346_ecgdata.csv,150190_116930346_ecgdata.csv,0,0,2500
test,2025-07-14,AtCou,AB,3,/Users/Sonny/Research/Ecgdata/2025-07-14/AtCou/150190_116930346_ecgdata.csv,150190_116930346_ecgdata.csv,1,2500,5000
test,2025-07-14,AtCou,AB,3,/Users/Sonny/Research/Ecgdata/2025-07-14/AtCou/150190_116930346_ecgdata.csv,150190_116930346_ecgdata.csv,2,5000,7500
test,2025-07-14,AtCou,AB,3,/Users/Sonny/Research/Ecgdata/2025-07-14/AtCou/150190_116930346_ecgdata.csv,150190_116930346_ecgdata.csv,3,7500,10000
test,2025-07-14,AtCou,AB,3,/Users/Sonny/Research/Ecgdata/2025-07-14/AtCou/150190_116930346_ecgdata.csv,150190_116930346_ecgdata.csv,4,10000,12500
test,2025-07-14,AtCou,AB,3,/Users/Sonny/Research/Ecgdata/2025-07-14/AtCou/150190_116930346_ecgdata.csv,150190_116930346_ecgdata.csv,5,12500,15000
test,2025-07-14,AtCou,AB,3,/Users/Sonny/Research/Ecgdata/2025-07-14/AtCou/150190_116930346_ecgdata.csv,150190_116930346_ecgdata.csv,6,15000,17500
test,2025-07-14,AtCou,AB,3,/Users/Sonny/Research/Ecgdata/2025-07-14/AtCou/150190_116930346_ecgdata.csv,150190_116930346_ecgdata.csv,7,17500,20000
train,2025-07-14,AtCou,AB,3,/Users/Sonny/Research/Ecgdata/2025-07-14/AtCou/150884_116871223_ecgdata.csv,150884_116871223_ecgdata.csv,0,0,2500
train,2025-07-14,AtCou,AB,3,/Users/Sonny/Research/Ecgdata/2025-07-14/AtCou/150884_116871223_ecgdata.csv,150884_116871223_ecgdata.csv,1,2500,5000
train,2025-07-14,AtCou,AB,3,/Users/Sonny/Research/Ecgdata/2025-07-14/AtCou/150884_116871223_ecgdata.csv,150884_116871223_ecgdata.csv,2,5000,7500
train,2025-07-14,AtCou,AB,3,/Users/Sonny/Research/Ecgdata/2025-07-14/AtCou/150884_116871223_ecgdata.csv,150884_116871223_ecgdata.csv,3,7500,10000
train,2025-07-14,AtCou,AB,3,/Users/Sonny/Research/Ecgdata/2025-07-14/AtCou/150884_116871223_ecgdata.csv,150884_116871223_ecgdata.csv,4,10000,12500
train,2025-07-14,AtCou,AB,3,/Users/Sonny/Research/Ecgdata/2025-07-14/AtCou/150884_116871223_ecgdata.csv,150884_116871223_ecgdata.csv,5,12500,15000
train,2025-07-14,AtCou,AB,3,/Users/Sonny/Research/Ecgdata/2025-07-14/AtCou/150884_116871223_ecgdata.csv,150884_116871223_ecgdata.csv,6,15000,17500
train,2025-07-14,AtCou,AB,3,/Users/Sonny/Research/Ecgdata/2025-07-14/AtCou/150884_116871223_ecgdata.csv,150884_116871223_ecgdata.csv,7,17500,20000
train,2025-07-14,EctAt,AB,3,/Users/Sonny/Research/Ecgdata/2025-07-14/EctAt/150417_116728081_ecgdata.csv,150417_116728081_ecgdata.csv,0,0,2500
train,2025-07-14,EctAt,AB,3,/Users/Sonny/Research/Ecgdata/2025-07-14/EctAt/150417_116728081_ecgdata.csv,150417_116728081_ecgdata.csv,1,2500,5000
train,2025-07-14,EctAt,AB,3,/Users/Sonny/Research/Ecgdata/2025-07-14/EctAt/150417_116728081_ecgdata.csv,150417_116728081_ecgdata.csv,2,5000,7500
train,2025-07-14,EctAt,AB,3,/Users/Sonny/Research/Ecgdata/2025-07-14/EctAt/150417_116728081_ecgdata.csv,150417_116728081_ecgdata.csv,3,7500,10000
train,2025-07-14,EctAt,AB,3,/Users/Sonny/Research/Ecgdata/2025-07-14/EctAt/150417_116728081_ecgdata.csv,150417_116728081_ecgdata.csv,4,10000,12500
train,2025-07-14,EctAt,AB,3,/Users/Sonny/Research/Ecgdata/2025-07-14/EctAt/150417_116728081_ecgdata.csv,150417_116728081_ecgdata.csv,5,12500,15000
train,2025-07-14,EctAt,AB,3,/Users/Sonny/Research/Ecgdata/2025-07-14/EctAt/150417_116728081_ecgdata.csv,150417_116728081_ecgdata.csv,6,15000,17500
train,2025-07-14,EctAt,AB,3,/Users/Sonny/Research/Ecgdata/2025-07-14/EctAt/150417_116728081_ecgdata.csv,150417_116728081_ecgdata.csv,7,17500,20000
train,2025-07-13,EctAt,AB,3,/Users/Sonny/Research/Ecgdata/2025-07-13/EctAt/150150_116558407_ecgdata.csv,150150_116558407_ecgdata.csv,0,0,2500
train,2025-07-13,EctAt,AB,3,/Users/Sonny/Research/Ecgdata/2025-07-13/EctAt/150150_116558407_ecgdata.csv,150150_116558407_ecgdata.csv,1,2500,5000
train,2025-07-13,EctAt,AB,3,/Users/Sonny/Research/Ecgdata/2025-07-13/EctAt/150150_116558407_ecgdata.csv,150150_116558407_ecgdata.csv,2,5000,7500
train,2025-07-13,EctAt,AB,3,/Users/Sonny/Research/Ecgdata/2025-07-13/EctAt/150150_116558407_ecgdata.csv,150150_116558407_ecgdata.csv,3,7500,10000
train,2025-07-13,EctAt,AB,3,/Users/Sonny/Research/Ecgdata/2025-07-13/EctAt/150150_116558407_ecgdata.csv,150150_116558407_ecgdata.csv,4,10000,12500
train,2025-07-13,EctAt,AB,3,/Users/Sonny/Research/Ecgdata/2025-07-13/EctAt/150150_116558407_ecgdata.csv,150150_116558407_ecgdata.csv,5,12500,15000
train,2025-07-13,EctAt,AB,3,/Users/Sonny/Research/Ecgdata/2025-07-13/EctAt/150150_116558407_ecgdata.csv,150150_116558407_ecgdata.csv,6,15000,17500
train,2025-07-13,EctAt,AB,3,/Users/Sonny/Research/Ecgdata/2025-07-13/EctAt/150150_116558407_ecgdata.csv,150150_116558407_ecgdata.csv,7,17500,20000
train,2025-07-14,EctAt,AB,3,/Users/Sonny/Research/Ecgdata/2025-07-14/EctAt/151163_116848484_ecgdata.csv,151163_116848484_ecgdata.csv,0,0,2500
train,2025-07-14,EctAt,AB,3,/Users/Sonny/Research/Ecgdata/2025-07-14/EctAt/151163_116848484_ecgdata.csv,151163_116848484_ecgdata.csv,1,2500,5000
train,2025-07-14,EctAt,AB,3,/Users/Sonny/Research/Ecgdata/2025-07-14/EctAt/151163_116848484_ecgdata.csv,151163_116848484_ecgdata.csv,2,5000,7500
train,2025-07-14,EctAt,AB,3,/Users/Sonny/Research/Ecgdata/2025-07-14/EctAt/151163_116848484_ecgdata.csv,151163_116848484_ecgdata.csv,3,7500,10000
train,2025-07-14,EctAt,AB,3,/Users/Sonny/Research/Ecgdata/2025-07-14/EctAt/151163_116848484_ecgdata.csv,151163_116848484_ecgdata.csv,4,10000,12500
train,2025-07-14,EctAt,AB,3,/Users/Sonny/Research/Ecgdata/2025-07-14/EctAt/151163_116848484_ecgdata.csv,151163_116848484_ecgdata.csv,5,12500,15000
train,2025-07-14,EctAt,AB,3,/Users/Sonny/Research/Ecgdata/2025-07-14/EctAt/151163_116848484_ecgdata.csv,151163_116848484_ecgdata.csv,6,15000,17500
train,2025-07-14,EctAt,AB,3,/Users/Sonny/Research/Ecgdata/2025-07-14/EctAt/151163_116848484_ecgdata.csv,151163_116848484_ecgdata.csv,7,17500,20000
train,2025-07-13,AtCou,AB,3,/Users/Sonny/Research/Ecgdata/2025-07-13/AtCou/151693_116589637_ecgdata.csv,151693_116589637_ecgdata.csv,0,0,2500
train,2025-07-13,AtCou,AB,3,/Users/Sonny/Research/Ecgdata/2025-07-13/AtCou/151693_116589637_ecgdata.csv,151693_116589637_ecgdata.csv,1,2500,5000
train,2025-07-13,AtCou,AB,3,/Users/Sonny/Research/Ecgdata/2025-07-13/AtCou/151693_116589637_ecgdata.csv,151693_116589637_ecgdata.csv,2,5000,7500
train,2025-07-13,AtCou,AB,3,/Users/Sonny/Research/Ecgdata/2025-07-13/AtCou/151693_116589637_ecgdata.csv,151693_116589637_ecgdata.csv,3,7500,10000
train,2025-07-13,AtCou,AB,3,/Users/Sonny/Research/Ecgdata/2025-07-13/AtCou/151693_116589637_ecgdata.csv,151693_116589637_ecgdata.csv,4,10000,12500
train,2025-07-13,AtCou,AB,3,/Users/Sonny/Research/Ecgdata/2025-07-13/AtCou/151693_116589637_ecgdata.csv,151693_116589637_ecgdata.csv,5,12500,15000
train,2025-07-13,AtCou,AB,3,/Users/Sonny/Research/Ecgdata/2025-07-13/AtCou/151693_116589637_ecgdata.csv,151693_116589637_ecgdata.csv,6,15000,17500
train,2025-07-13,AtCou,AB,3,/Users/Sonny/Research/Ecgdata/2025-07-13/AtCou/151693_116589637_ecgdata.csv,151693_116589637_ecgdata.csv,7,17500,20000
train,2025-07-13,AtCou,AB,3,/Users/Sonny/Research/Ecgdata/2025-07-13/AtCou/152871_116550172_ecgdata.csv,152871_116550172_ecgdata.csv,0,0,2500
train,2025-07-13,AtCou,AB,3,/Users/Sonny/Research/Ecgdata/2025-07-13/AtCou/152871_116550172_ecgdata.csv,152871_116550172_ecgdata.csv,1,2500,5000
train,2025-07-13,AtCou,AB,3,/Users/Sonny/Research/Ecgdata/2025-07-13/AtCou/152871_116550172_ecgdata.csv,152871_116550172_ecgdata.csv,2,5000,7500
train,2025-07-13,AtCou,AB,3,/Users/Sonny/Research/Ecgdata/2025-07-13/AtCou/152871_116550172_ecgdata.csv,152871_116550172_ecgdata.csv,3,7500,10000
train,2025-07-13,AtCou,AB,3,/Users/Sonny/Research/Ecgdata/2025-07-13/AtCou/152871_116550172_ecgdata.csv,152871_116550172_ecgdata.csv,4,10000,12500
train,2025-07-13,AtCou,AB,3,/Users/Sonny/Research/Ecgdata/2025-07-13/AtCou/152871_116550172_ecgdata.csv,152871_116550172_ecgdata.csv,5,12500,15000
train,2025-07-13,AtCou,AB,3,/Users/Sonny/Research/Ecgdata/2025-07-13/AtCou/152871_116550172_ecgdata.csv,152871_116550172_ecgdata.csv,6,15000,17500
train,2025-07-13,AtCou,AB,3,/Users/Sonny/Research/Ecgdata/2025-07-13/AtCou/152871_116550172_ecgdata.csv,152871_116550172_ecgdata.csv,7,17500,20000
train,2025-07-13,AtCou,AB,3,/Users/Sonny/Research/Ecgdata/2025-07-13/AtCou/151827_116694046_ecgdata.csv,151827_116694046_ecgdata.csv,0,0,2500
train,2025-07-13,AtCou,AB,3,/Users/Sonny/Research/Ecgdata/2025-07-13/AtCou/151827_116694046_ecgdata.csv,151827_116694046_ecgdata.csv,1,2500,5000
train,2025-07-13,AtCou,AB,3,/Users/Sonny/Research/Ecgdata/2025-07-13/AtCou/151827_116694046_ecgdata.csv,151827_116694046_ecgdata.csv,2,5000,7500
train,2025-07-13,AtCou,AB,3,/Users/Sonny/Research/Ecgdata/2025-07-13/AtCou/151827_116694046_ecgdata.csv,151827_116694046_ecgdata.csv,3,7500,10000
train,2025-07-13,AtCou,AB,3,/Users/Sonny/Research/Ecgdata/2025-07-13/AtCou/151827_116694046_ecgdata.csv,151827_116694046_ecgdata.csv,4,10000,12500
train,2025-07-13,AtCou,AB,3,/Users/Sonny/Research/Ecgdata/2025-07-13/AtCou/151827_116694046_ecgdata.csv,151827_116694046_ecgdata.csv,5,12500,15000
train,2025-07-13,AtCou,AB,3,/Users/Sonny/Research/Ecgdata/2025-07-13/AtCou/151827_116694046_ecgdata.csv,151827_116694046_ecgdata.csv,6,15000,17500
train,2025-07-13,AtCou,AB,3,/Users/Sonny/Research/Ecgdata/2025-07-13/AtCou/151827_116694046_ecgdata.csv,151827_116694046_ecgdata.csv,7,17500,20000
train,2025-07-15,EctAR,AB,3,/Users/Sonny/Research/Ecgdata/2025-07-15/EctAR/151670_117021458_ecgdata.csv,151670_117021458_ecgdata.csv,0,0,2500
train,2025-07-15,EctAR,AB,3,/Users/Sonny/Research/Ecgdata/2025-07-15/EctAR/151670_117021458_ecgdata.csv,151670_117021458_ecgdata.csv,1,2500,5000
train,2025-07-15,EctAR,AB,3,/Users/Sonny/Research/Ecgdata/2025-07-15/EctAR/151670_117021458_ecgdata.csv,151670_117021458_ecgdata.csv,2,5000,7500
train,2025-07-15,EctAR,AB,3,/Users/Sonny/Research/Ecgdata/2025-07-15/EctAR/151670_117021458_ecgdata.csv,151670_117021458_ecgdata.csv,3,7500,10000
train,2025-07-15,EctAR,AB,3,/Users/Sonny/Research/Ecgdata/2025-07-15/EctAR/151670_117021458_ecgdata.csv,151670_117021458_ecgdata.csv,4,10000,12500
train,2025-07-15,EctAR,AB,3,/Users/Sonny/Research/Ecgdata/2025-07-15/EctAR/151670_117021458_ecgdata.csv,151670_117021458_ecgdata.csv,5,12500,15000
train,2025-07-15,EctAR,AB,3,/Users/Sonny/Research/Ecgdata/2025-07-15/EctAR/151670_117021458_ecgdata.csv,151670_117021458_ecgdata.csv,6,15000,17500
train,2025-07-15,EctAR,AB,3,/Users/Sonny/Research/Ecgdata/2025-07-15/EctAR/151670_117021458_ecgdata.csv,151670_117021458_ecgdata.csv,7,17500,20000
train,2025-07-13,EctAR,AB,3,/Users/Sonny/Research/Ecgdata/2025-07-13/EctAR/151184_116657721_ecgdata.csv,151184_116657721_ecgdata.csv,0,0,2500
train,2025-07-13,EctAR,AB,3,/Users/Sonny/Research/Ecgdata/2025-07-13/EctAR/151184_116657721_ecgdata.csv,151184_116657721_ecgdata.csv,1,2500,5000
train,2025-07-13,EctAR,AB,3,/Users/Sonny/Research/Ecgdata/2025-07-13/EctAR/151184_116657721_ecgdata.csv,151184_116657721_ecgdata.csv,2,5000,7500
train,2025-07-13,EctAR,AB,3,/Users/Sonny/Research/Ecgdata/2025-07-13/EctAR/151184_116657721_ecgdata.csv,151184_116657721_ecgdata.csv,3,7500,10000
train,2025-07-13,EctAR,AB,3,/Users/Sonny/Research/Ecgdata/2025-07-13/EctAR/151184_116657721_ecgdata.csv,151184_116657721_ecgdata.csv,4,10000,12500
train,2025-07-13,EctAR,AB,3,/Users/Sonny/Research/Ecgdata/2025-07-13/EctAR/151184_116657721_ecgdata.csv,151184_116657721_ecgdata.csv,5,12500,15000
train,2025-07-13,EctAR,AB,3,/Users/Sonny/Research/Ecgdata/2025-07-13/EctAR/151184_116657721_ecgdata.csv,151184_116657721_ecgdata.csv,6,15000,17500
train,2025-07-13,EctAR,AB,3,/Users/Sonny/Research/Ecgdata/2025-07-13/EctAR/151184_116657721_ecgdata.csv,151184_116657721_ecgdata.csv,7,17500,20000
val,2025-07-14,SVT,SVTA,4,/Users/Sonny/Research/Ecgdata/2025-07-14/SVT/152809_116921303_ecgdata.csv,152809_116921303_ecgdata.csv,0,0,2500
val,2025-07-14,SVT,SVTA,4,/Users/Sonny/Research/Ecgdata/2025-07-14/SVT/152809_116921303_ecgdata.csv,152809_116921303_ecgdata.csv,1,2500,5000
val,2025-07-14,SVT,SVTA,4,/Users/Sonny/Research/Ecgdata/2025-07-14/SVT/152809_116921303_ecgdata.csv,152809_116921303_ecgdata.csv,2,5000,7500
val,2025-07-14,SVT,SVTA,4,/Users/Sonny/Research/Ecgdata/2025-07-14/SVT/152809_116921303_ecgdata.csv,152809_116921303_ecgdata.csv,3,7500,10000
val,2025-07-14,SVT,SVTA,4,/Users/Sonny/Research/Ecgdata/2025-07-14/SVT/152809_116921303_ecgdata.csv,152809_116921303_ecgdata.csv,4,10000,12500
val,2025-07-14,SVT,SVTA,4,/Users/Sonny/Research/Ecgdata/2025-07-14/SVT/152809_116921303_ecgdata.csv,152809_116921303_ecgdata.csv,5,12500,15000
val,2025-07-14,SVT,SVTA,4,/Users/Sonny/Research/Ecgdata/2025-07-14/SVT/152809_116921303_ecgdata.csv,152809_116921303_ecgdata.csv,6,15000,17500
val,2025-07-14,SVT,SVTA,4,/Users/Sonny/Research/Ecgdata/2025-07-14/SVT/152809_116921303_ecgdata.csv,152809_116921303_ecgdata.csv,7,17500,20000
val,2025-07-14,AtRun,SVTA,4,/Users/Sonny/Research/Ecgdata/2025-07-14/AtRun/148633_116872096_ecgdata.csv,148633_116872096_ecgdata.csv,0,0,2500
val,2025-07-14,AtRun,SVTA,4,/Users/Sonny/Research/Ecgdata/2025-07-14/AtRun/148633_116872096_ecgdata.csv,148633_116872096_ecgdata.csv,1,2500,5000
val,2025-07-14,AtRun,SVTA,4,/Users/Sonny/Research/Ecgdata/2025-07-14/AtRun/148633_116872096_ecgdata.csv,148633_116872096_ecgdata.csv,2,5000,7500
val,2025-07-14,AtRun,SVTA,4,/Users/Sonny/Research/Ecgdata/2025-07-14/AtRun/148633_116872096_ecgdata.csv,148633_116872096_ecgdata.csv,3,7500,10000
val,2025-07-14,AtRun,SVTA,4,/Users/Sonny/Research/Ecgdata/2025-07-14/AtRun/148633_116872096_ecgdata.csv,148633_116872096_ecgdata.csv,4,10000,12500
val,2025-07-14,AtRun,SVTA,4,/Users/Sonny/Research/Ecgdata/2025-07-14/AtRun/148633_116872096_ecgdata.csv,148633_116872096_ecgdata.csv,5,12500,15000
val,2025-07-14,AtRun,SVTA,4,/Users/Sonny/Research/Ecgdata/2025-07-14/AtRun/148633_116872096_ecgdata.csv,148633_116872096_ecgdata.csv,6,15000,17500
val,2025-07-14,AtRun,SVTA,4,/Users/Sonny/Research/Ecgdata/2025-07-14/AtRun/148633_116872096_ecgdata.csv,148633_116872096_ecgdata.csv,7,17500,20000
test,2025-07-14,SVT,SVTA,4,/Users/Sonny/Research/Ecgdata/2025-07-14/SVT/153007_116976270_ecgdata.csv,153007_116976270_ecgdata.csv,0,0,2500
test,2025-07-14,SVT,SVTA,4,/Users/Sonny/Research/Ecgdata/2025-07-14/SVT/153007_116976270_ecgdata.csv,153007_116976270_ecgdata.csv,1,2500,5000
test,2025-07-14,SVT,SVTA,4,/Users/Sonny/Research/Ecgdata/2025-07-14/SVT/153007_116976270_ecgdata.csv,153007_116976270_ecgdata.csv,2,5000,7500
test,2025-07-14,SVT,SVTA,4,/Users/Sonny/Research/Ecgdata/2025-07-14/SVT/153007_116976270_ecgdata.csv,153007_116976270_ecgdata.csv,3,7500,10000
test,2025-07-14,SVT,SVTA,4,/Users/Sonny/Research/Ecgdata/2025-07-14/SVT/153007_116976270_ecgdata.csv,153007_116976270_ecgdata.csv,4,10000,12500
test,2025-07-14,SVT,SVTA,4,/Users/Sonny/Research/Ecgdata/2025-07-14/SVT/153007_116976270_ecgdata.csv,153007_116976270_ecgdata.csv,5,12500,15000
test,2025-07-14,SVT,SVTA,4,/Users/Sonny/Research/Ecgdata/2025-07-14/SVT/153007_116976270_ecgdata.csv,153007_116976270_ecgdata.csv,6,15000,17500
test,2025-07-14,SVT,SVTA,4,/Users/Sonny/Research/Ecgdata/2025-07-14/SVT/153007_116976270_ecgdata.csv,153007_116976270_ecgdata.csv,7,17500,20000
train,2025-07-13,SVT,SVTA,4,/Users/Sonny/Research/Ecgdata/2025-07-13/SVT/151408_116557807_ecgdata.csv,151408_116557807_ecgdata.csv,0,0,2500
train,2025-07-13,SVT,SVTA,4,/Users/Sonny/Research/Ecgdata/2025-07-13/SVT/151408_116557807_ecgdata.csv,151408_116557807_ecgdata.csv,1,2500,5000
train,2025-07-13,SVT,SVTA,4,/Users/Sonny/Research/Ecgdata/2025-07-13/SVT/151408_116557807_ecgdata.csv,151408_116557807_ecgdata.csv,2,5000,7500
train,2025-07-13,SVT,SVTA,4,/Users/Sonny/Research/Ecgdata/2025-07-13/SVT/151408_116557807_ecgdata.csv,151408_116557807_ecgdata.csv,3,7500,10000
train,2025-07-13,SVT,SVTA,4,/Users/Sonny/Research/Ecgdata/2025-07-13/SVT/151408_116557807_ecgdata.csv,151408_116557807_ecgdata.csv,4,10000,12500
train,2025-07-13,SVT,SVTA,4,/Users/Sonny/Research/Ecgdata/2025-07-13/SVT/151408_116557807_ecgdata.csv,151408_116557807_ecgdata.csv,5,12500,15000
train,2025-07-13,SVT,SVTA,4,/Users/Sonny/Research/Ecgdata/2025-07-13/SVT/151408_116557807_ecgdata.csv,151408_116557807_ecgdata.csv,6,15000,17500
train,2025-07-13,SVT,SVTA,4,/Users/Sonny/Research/Ecgdata/2025-07-13/SVT/151408_116557807_ecgdata.csv,151408_116557807_ecgdata.csv,7,17500,20000
train,2025-07-15,AtRun,SVTA,4,/Users/Sonny/Research/Ecgdata/2025-07-15/AtRun/150190_117009454_ecgdata.csv,150190_117009454_ecgdata.csv,0,0,2500
train,2025-07-15,AtRun,SVTA,4,/Users/Sonny/Research/Ecgdata/2025-07-15/AtRun/150190_117009454_ecgdata.csv,150190_117009454_ecgdata.csv,1,2500,5000
train,2025-07-15,AtRun,SVTA,4,/Users/Sonny/Research/Ecgdata/2025-07-15/AtRun/150190_117009454_ecgdata.csv,150190_117009454_ecgdata.csv,2,5000,7500
train,2025-07-15,AtRun,SVTA,4,/Users/Sonny/Research/Ecgdata/2025-07-15/AtRun/150190_117009454_ecgdata.csv,150190_117009454_ecgdata.csv,3,7500,10000
train,2025-07-15,AtRun,SVTA,4,/Users/Sonny/Research/Ecgdata/2025-07-15/AtRun/150190_117009454_ecgdata.csv,150190_117009454_ecgdata.csv,4,10000,12500
train,2025-07-15,AtRun,SVTA,4,/Users/Sonny/Research/Ecgdata/2025-07-15/AtRun/150190_117009454_ecgdata.csv,150190_117009454_ecgdata.csv,5,12500,15000
train,2025-07-15,AtRun,SVTA,4,/Users/Sonny/Research/Ecgdata/2025-07-15/AtRun/150190_117009454_ecgdata.csv,150190_117009454_ecgdata.csv,6,15000,17500
train,2025-07-15,AtRun,SVTA,4,/Users/Sonny/Research/Ecgdata/2025-07-15/AtRun/150190_117009454_ecgdata.csv,150190_117009454_ecgdata.csv,7,17500,20000
train,2025-07-15,AtRun,SVTA,4,/Users/Sonny/Research/Ecgdata/2025-07-15/AtRun/152779_117128440_ecgdata.csv,152779_117128440_ecgdata.csv,0,0,2500
train,2025-07-15,AtRun,SVTA,4,/Users/Sonny/Research/Ecgdata/2025-07-15/AtRun/152779_117128440_ecgdata.csv,152779_117128440_ecgdata.csv,1,2500,5000
train,2025-07-15,AtRun,SVTA,4,/Users/Sonny/Research/Ecgdata/2025-07-15/AtRun/152779_117128440_ecgdata.csv,152779_117128440_ecgdata.csv,2,5000,7500
train,2025-07-15,AtRun,SVTA,4,/Users/Sonny/Research/Ecgdata/2025-07-15/AtRun/152779_117128440_ecgdata.csv,152779_117128440_ecgdata.csv,3,7500,10000
train,2025-07-15,AtRun,SVTA,4,/Users/Sonny/Research/Ecgdata/2025-07-15/AtRun/152779_117128440_ecgdata.csv,152779_117128440_ecgdata.csv,4,10000,12500
train,2025-07-15,AtRun,SVTA,4,/Users/Sonny/Research/Ecgdata/2025-07-15/AtRun/152779_117128440_ecgdata.csv,152779_117128440_ecgdata.csv,5,12500,15000
train,2025-07-15,AtRun,SVTA,4,/Users/Sonny/Research/Ecgdata/2025-07-15/AtRun/152779_117128440_ecgdata.csv,152779_117128440_ecgdata.csv,6,15000,17500
train,2025-07-15,AtRun,SVTA,4,/Users/Sonny/Research/Ecgdata/2025-07-15/AtRun/152779_117128440_ecgdata.csv,152779_117128440_ecgdata.csv,7,17500,20000
train,2025-07-13,AtRun,SVTA,4,/Users/Sonny/Research/Ecgdata/2025-07-13/AtRun/150742_116712019_ecgdata.csv,150742_116712019_ecgdata.csv,0,0,2500
train,2025-07-13,AtRun,SVTA,4,/Users/Sonny/Research/Ecgdata/2025-07-13/AtRun/150742_116712019_ecgdata.csv,150742_116712019_ecgdata.csv,1,2500,5000
train,2025-07-13,AtRun,SVTA,4,/Users/Sonny/Research/Ecgdata/2025-07-13/AtRun/150742_116712019_ecgdata.csv,150742_116712019_ecgdata.csv,2,5000,7500
train,2025-07-13,AtRun,SVTA,4,/Users/Sonny/Research/Ecgdata/2025-07-13/AtRun/150742_116712019_ecgdata.csv,150742_116712019_ecgdata.csv,3,7500,10000
train,2025-07-13,AtRun,SVTA,4,/Users/Sonny/Research/Ecgdata/2025-07-13/AtRun/150742_116712019_ecgdata.csv,150742_116712019_ecgdata.csv,4,10000,12500
train,2025-07-13,AtRun,SVTA,4,/Users/Sonny/Research/Ecgdata/2025-07-13/AtRun/150742_116712019_ecgdata.csv,150742_116712019_ecgdata.csv,5,12500,15000
train,2025-07-13,AtRun,SVTA,4,/Users/Sonny/Research/Ecgdata/2025-07-13/AtRun/150742_116712019_ecgdata.csv,150742_116712019_ecgdata.csv,6,15000,17500
train,2025-07-13,AtRun,SVTA,4,/Users/Sonny/Research/Ecgdata/2025-07-13/AtRun/150742_116712019_ecgdata.csv,150742_116712019_ecgdata.csv,7,17500,20000
train,2025-07-15,SVT,SVTA,4,/Users/Sonny/Research/Ecgdata/2025-07-15/SVT/153007_117128832_ecgdata.csv,153007_117128832_ecgdata.csv,0,0,2500
train,2025-07-15,SVT,SVTA,4,/Users/Sonny/Research/Ecgdata/2025-07-15/SVT/153007_117128832_ecgdata.csv,153007_117128832_ecgdata.csv,1,2500,5000
train,2025-07-15,SVT,SVTA,4,/Users/Sonny/Research/Ecgdata/2025-07-15/SVT/153007_117128832_ecgdata.csv,153007_117128832_ecgdata.csv,2,5000,7500
train,2025-07-15,SVT,SVTA,4,/Users/Sonny/Research/Ecgdata/2025-07-15/SVT/153007_117128832_ecgdata.csv,153007_117128832_ecgdata.csv,3,7500,10000
train,2025-07-15,SVT,SVTA,4,/Users/Sonny/Research/Ecgdata/2025-07-15/SVT/153007_117128832_ecgdata.csv,153007_117128832_ecgdata.csv,4,10000,12500
train,2025-07-15,SVT,SVTA,4,/Users/Sonny/Research/Ecgdata/2025-07-15/SVT/153007_117128832_ecgdata.csv,153007_117128832_ecgdata.csv,5,12500,15000
train,2025-07-15,SVT,SVTA,4,/Users/Sonny/Research/Ecgdata/2025-07-15/SVT/153007_117128832_ecgdata.csv,153007_117128832_ecgdata.csv,6,15000,17500
train,2025-07-15,SVT,SVTA,4,/Users/Sonny/Research/Ecgdata/2025-07-15/SVT/153007_117128832_ecgdata.csv,153007_117128832_ecgdata.csv,7,17500,20000
train,2025-07-15,SVT,SVTA,4,/Users/Sonny/Research/Ecgdata/2025-07-15/SVT/150023_117032700_ecgdata.csv,150023_117032700_ecgdata.csv,0,0,2500
train,2025-07-15,SVT,SVTA,4,/Users/Sonny/Research/Ecgdata/2025-07-15/SVT/150023_117032700_ecgdata.csv,150023_117032700_ecgdata.csv,1,2500,5000
train,2025-07-15,SVT,SVTA,4,/Users/Sonny/Research/Ecgdata/2025-07-15/SVT/150023_117032700_ecgdata.csv,150023_117032700_ecgdata.csv,2,5000,7500
train,2025-07-15,SVT,SVTA,4,/Users/Sonny/Research/Ecgdata/2025-07-15/SVT/150023_117032700_ecgdata.csv,150023_117032700_ecgdata.csv,3,7500,10000
train,2025-07-15,SVT,SVTA,4,/Users/Sonny/Research/Ecgdata/2025-07-15/SVT/150023_117032700_ecgdata.csv,150023_117032700_ecgdata.csv,4,10000,12500
train,2025-07-15,SVT,SVTA,4,/Users/Sonny/Research/Ecgdata/2025-07-15/SVT/150023_117032700_ecgdata.csv,150023_117032700_ecgdata.csv,5,12500,15000
train,2025-07-15,SVT,SVTA,4,/Users/Sonny/Research/Ecgdata/2025-07-15/SVT/150023_117032700_ecgdata.csv,150023_117032700_ecgdata.csv,6,15000,17500
train,2025-07-15,SVT,SVTA,4,/Users/Sonny/Research/Ecgdata/2025-07-15/SVT/150023_117032700_ecgdata.csv,150023_117032700_ecgdata.csv,7,17500,20000
train,2025-07-14,AtRun,SVTA,4,/Users/Sonny/Research/Ecgdata/2025-07-14/AtRun/151786_116871020_ecgdata.csv,151786_116871020_ecgdata.csv,0,0,2500
train,2025-07-14,AtRun,SVTA,4,/Users/Sonny/Research/Ecgdata/2025-07-14/AtRun/151786_116871020_ecgdata.csv,151786_116871020_ecgdata.csv,1,2500,5000
train,2025-07-14,AtRun,SVTA,4,/Users/Sonny/Research/Ecgdata/2025-07-14/AtRun/151786_116871020_ecgdata.csv,151786_116871020_ecgdata.csv,2,5000,7500
train,2025-07-14,AtRun,SVTA,4,/Users/Sonny/Research/Ecgdata/2025-07-14/AtRun/151786_116871020_ecgdata.csv,151786_116871020_ecgdata.csv,3,7500,10000
train,2025-07-14,AtRun,SVTA,4,/Users/Sonny/Research/Ecgdata/2025-07-14/AtRun/151786_116871020_ecgdata.csv,151786_116871020_ecgdata.csv,4,10000,12500
train,2025-07-14,AtRun,SVTA,4,/Users/Sonny/Research/Ecgdata/2025-07-14/AtRun/151786_116871020_ecgdata.csv,151786_116871020_ecgdata.csv,5,12500,15000
train,2025-07-14,AtRun,SVTA,4,/Users/Sonny/Research/Ecgdata/2025-07-14/AtRun/151786_116871020_ecgdata.csv,151786_116871020_ecgdata.csv,6,15000,17500
train,2025-07-14,AtRun,SVTA,4,/Users/Sonny/Research/Ecgdata/2025-07-14/AtRun/151786_116871020_ecgdata.csv,151786_116871020_ecgdata.csv,7,17500,20000
train,2025-07-14,SVT,SVTA,4,/Users/Sonny/Research/Ecgdata/2025-07-14/SVT/151314_116851747_ecgdata.csv,151314_116851747_ecgdata.csv,0,0,2500
train,2025-07-14,SVT,SVTA,4,/Users/Sonny/Research/Ecgdata/2025-07-14/SVT/151314_116851747_ecgdata.csv,151314_116851747_ecgdata.csv,1,2500,5000
train,2025-07-14,SVT,SVTA,4,/Users/Sonny/Research/Ecgdata/2025-07-14/SVT/151314_116851747_ecgdata.csv,151314_116851747_ecgdata.csv,2,5000,7500
train,2025-07-14,SVT,SVTA,4,/Users/Sonny/Research/Ecgdata/2025-07-14/SVT/151314_116851747_ecgdata.csv,151314_116851747_ecgdata.csv,3,7500,10000
train,2025-07-14,SVT,SVTA,4,/Users/Sonny/Research/Ecgdata/2025-07-14/SVT/151314_116851747_ecgdata.csv,151314_116851747_ecgdata.csv,4,10000,12500
train,2025-07-14,SVT,SVTA,4,/Users/Sonny/Research/Ecgdata/2025-07-14/SVT/151314_116851747_ecgdata.csv,151314_116851747_ecgdata.csv,5,12500,15000
train,2025-07-14,SVT,SVTA,4,/Users/Sonny/Research/Ecgdata/2025-07-14/SVT/151314_116851747_ecgdata.csv,151314_116851747_ecgdata.csv,6,15000,17500
train,2025-07-14,SVT,SVTA,4,/Users/Sonny/Research/Ecgdata/2025-07-14/SVT/151314_116851747_ecgdata.csv,151314_116851747_ecgdata.csv,7,17500,20000
train,2025-07-14,AtRun,SVTA,4,/Users/Sonny/Research/Ecgdata/2025-07-14/AtRun/151411_116846600_ecgdata.csv,151411_116846600_ecgdata.csv,0,0,2500
train,2025-07-14,AtRun,SVTA,4,/Users/Sonny/Research/Ecgdata/2025-07-14/AtRun/151411_116846600_ecgdata.csv,151411_116846600_ecgdata.csv,1,2500,5000
train,2025-07-14,AtRun,SVTA,4,/Users/Sonny/Research/Ecgdata/2025-07-14/AtRun/151411_116846600_ecgdata.csv,151411_116846600_ecgdata.csv,2,5000,7500
train,2025-07-14,AtRun,SVTA,4,/Users/Sonny/Research/Ecgdata/2025-07-14/AtRun/151411_116846600_ecgdata.csv,151411_116846600_ecgdata.csv,3,7500,10000
train,2025-07-14,AtRun,SVTA,4,/Users/Sonny/Research/Ecgdata/2025-07-14/AtRun/151411_116846600_ecgdata.csv,151411_116846600_ecgdata.csv,4,10000,12500
train,2025-07-14,AtRun,SVTA,4,/Users/Sonny/Research/Ecgdata/2025-07-14/AtRun/151411_116846600_ecgdata.csv,151411_116846600_ecgdata.csv,5,12500,15000
train,2025-07-14,AtRun,SVTA,4,/Users/Sonny/Research/Ecgdata/2025-07-14/AtRun/151411_116846600_ecgdata.csv,151411_116846600_ecgdata.csv,6,15000,17500
train,2025-07-14,AtRun,SVTA,4,/Users/Sonny/Research/Ecgdata/2025-07-14/AtRun/151411_116846600_ecgdata.csv,151411_116846600_ecgdata.csv,7,17500,20000
train,2025-07-14,AtRun,SVTA,4,/Users/Sonny/Research/Ecgdata/2025-07-14/AtRun/151411_116846600_ecgdata.csv,151411_116846600_ecgdata.csv,8,20000,22500
train,2025-07-14,AtRun,SVTA,4,/Users/Sonny/Research/Ecgdata/2025-07-14/AtRun/151411_116846600_ecgdata.csv,151411_116846600_ecgdata.csv,9,22500,25000
train,2025-07-14,AtRun,SVTA,4,/Users/Sonny/Research/Ecgdata/2025-07-14/AtRun/151411_116846600_ecgdata.csv,151411_116846600_ecgdata.csv,10,25000,27500
val,2025-07-14,VeCou,B,5,/Users/Sonny/Research/Ecgdata/2025-07-14/VeCou/152591_116899981_ecgdata.csv,152591_116899981_ecgdata.csv,0,0,2500
val,2025-07-14,VeCou,B,5,/Users/Sonny/Research/Ecgdata/2025-07-14/VeCou/152591_116899981_ecgdata.csv,152591_116899981_ecgdata.csv,1,2500,5000
val,2025-07-14,VeCou,B,5,/Users/Sonny/Research/Ecgdata/2025-07-14/VeCou/152591_116899981_ecgdata.csv,152591_116899981_ecgdata.csv,2,5000,7500
val,2025-07-14,VeCou,B,5,/Users/Sonny/Research/Ecgdata/2025-07-14/VeCou/152591_116899981_ecgdata.csv,152591_116899981_ecgdata.csv,3,7500,10000
val,2025-07-14,VeCou,B,5,/Users/Sonny/Research/Ecgdata/2025-07-14/VeCou/152591_116899981_ecgdata.csv,152591_116899981_ecgdata.csv,4,10000,12500
val,2025-07-14,VeCou,B,5,/Users/Sonny/Research/Ecgdata/2025-07-14/VeCou/152591_116899981_ecgdata.csv,152591_116899981_ecgdata.csv,5,12500,15000
val,2025-07-14,VeCou,B,5,/Users/Sonny/Research/Ecgdata/2025-07-14/VeCou/152591_116899981_ecgdata.csv,152591_116899981_ecgdata.csv,6,15000,17500
val,2025-07-14,VeCou,B,5,/Users/Sonny/Research/Ecgdata/2025-07-14/VeCou/152591_116899981_ecgdata.csv,152591_116899981_ecgdata.csv,7,17500,20000
val,2025-07-14,VeCou,B,5,/Users/Sonny/Research/Ecgdata/2025-07-14/VeCou/153100_116821489_ecgdata.csv,153100_116821489_ecgdata.csv,0,0,2500
val,2025-07-14,VeCou,B,5,/Users/Sonny/Research/Ecgdata/2025-07-14/VeCou/153100_116821489_ecgdata.csv,153100_116821489_ecgdata.csv,1,2500,5000
val,2025-07-14,VeCou,B,5,/Users/Sonny/Research/Ecgdata/2025-07-14/VeCou/153100_116821489_ecgdata.csv,153100_116821489_ecgdata.csv,2,5000,7500
val,2025-07-14,VeCou,B,5,/Users/Sonny/Research/Ecgdata/2025-07-14/VeCou/153100_116821489_ecgdata.csv,153100_116821489_ecgdata.csv,3,7500,10000
val,2025-07-14,VeCou,B,5,/Users/Sonny/Research/Ecgdata/2025-07-14/VeCou/153100_116821489_ecgdata.csv,153100_116821489_ecgdata.csv,4,10000,12500
val,2025-07-14,VeCou,B,5,/Users/Sonny/Research/Ecgdata/2025-07-14/VeCou/153100_116821489_ecgdata.csv,153100_116821489_ecgdata.csv,5,12500,15000
val,2025-07-14,VeCou,B,5,/Users/Sonny/Research/Ecgdata/2025-07-14/VeCou/153100_116821489_ecgdata.csv,153100_116821489_ecgdata.csv,6,15000,17500
val,2025-07-14,VeCou,B,5,/Users/Sonny/Research/Ecgdata/2025-07-14/VeCou/153100_116821489_ecgdata.csv,153100_116821489_ecgdata.csv,7,17500,20000
test,2025-07-15,Idiov,B,5,/Users/Sonny/Research/Ecgdata/2025-07-15/Idiov/152240_117121113_ecgdata.csv,152240_117121113_ecgdata.csv,0,0,2500
test,2025-07-15,Idiov,B,5,/Users/Sonny/Research/Ecgdata/2025-07-15/Idiov/152240_117121113_ecgdata.csv,152240_117121113_ecgdata.csv,1,2500,5000
test,2025-07-15,Idiov,B,5,/Users/Sonny/Research/Ecgdata/2025-07-15/Idiov/152240_117121113_ecgdata.csv,152240_117121113_ecgdata.csv,2,5000,7500
test,2025-07-15,Idiov,B,5,/Users/Sonny/Research/Ecgdata/2025-07-15/Idiov/152240_117121113_ecgdata.csv,152240_117121113_ecgdata.csv,3,7500,10000
test,2025-07-15,Idiov,B,5,/Users/Sonny/Research/Ecgdata/2025-07-15/Idiov/152240_117121113_ecgdata.csv,152240_117121113_ecgdata.csv,4,10000,12500
test,2025-07-15,Idiov,B,5,/Users/Sonny/Research/Ecgdata/2025-07-15/Idiov/152240_117121113_ecgdata.csv,152240_117121113_ecgdata.csv,5,12500,15000
test,2025-07-15,Idiov,B,5,/Users/Sonny/Research/Ecgdata/2025-07-15/Idiov/152240_117121113_ecgdata.csv,152240_117121113_ecgdata.csv,6,15000,17500
test,2025-07-15,Idiov,B,5,/Users/Sonny/Research/Ecgdata/2025-07-15/Idiov/152240_117121113_ecgdata.csv,152240_117121113_ecgdata.csv,7,17500,20000
train,2025-07-15,EctVe,B,5,/Users/Sonny/Research/Ecgdata/2025-07-15/EctVe/149836_117057235_ecgdata.csv,149836_117057235_ecgdata.csv,0,0,2500
train,2025-07-15,EctVe,B,5,/Users/Sonny/Research/Ecgdata/2025-07-15/EctVe/149836_117057235_ecgdata.csv,149836_117057235_ecgdata.csv,1,2500,5000
train,2025-07-15,EctVe,B,5,/Users/Sonny/Research/Ecgdata/2025-07-15/EctVe/149836_117057235_ecgdata.csv,149836_117057235_ecgdata.csv,2,5000,7500
train,2025-07-15,EctVe,B,5,/Users/Sonny/Research/Ecgdata/2025-07-15/EctVe/149836_117057235_ecgdata.csv,149836_117057235_ecgdata.csv,3,7500,10000
train,2025-07-15,EctVe,B,5,/Users/Sonny/Research/Ecgdata/2025-07-15/EctVe/149836_117057235_ecgdata.csv,149836_117057235_ecgdata.csv,4,10000,12500
train,2025-07-15,EctVe,B,5,/Users/Sonny/Research/Ecgdata/2025-07-15/EctVe/149836_117057235_ecgdata.csv,149836_117057235_ecgdata.csv,5,12500,15000
train,2025-07-15,EctVe,B,5,/Users/Sonny/Research/Ecgdata/2025-07-15/EctVe/149836_117057235_ecgdata.csv,149836_117057235_ecgdata.csv,6,15000,17500
train,2025-07-15,EctVe,B,5,/Users/Sonny/Research/Ecgdata/2025-07-15/EctVe/149836_117057235_ecgdata.csv,149836_117057235_ecgdata.csv,7,17500,20000
train,2025-07-14,EctVe,B,5,/Users/Sonny/Research/Ecgdata/2025-07-14/EctVe/152221_116847112_ecgdata.csv,152221_116847112_ecgdata.csv,0,0,2500
train,2025-07-14,EctVe,B,5,/Users/Sonny/Research/Ecgdata/2025-07-14/EctVe/152221_116847112_ecgdata.csv,152221_116847112_ecgdata.csv,1,2500,5000
train,2025-07-14,EctVe,B,5,/Users/Sonny/Research/Ecgdata/2025-07-14/EctVe/152221_116847112_ecgdata.csv,152221_116847112_ecgdata.csv,2,5000,7500
train,2025-07-14,EctVe,B,5,/Users/Sonny/Research/Ecgdata/2025-07-14/EctVe/152221_116847112_ecgdata.csv,152221_116847112_ecgdata.csv,3,7500,10000
train,2025-07-14,EctVe,B,5,/Users/Sonny/Research/Ecgdata/2025-07-14/EctVe/152221_116847112_ecgdata.csv,152221_116847112_ecgdata.csv,4,10000,12500
train,2025-07-14,EctVe,B,5,/Users/Sonny/Research/Ecgdata/2025-07-14/EctVe/152221_116847112_ecgdata.csv,152221_116847112_ecgdata.csv,5,12500,15000
train,2025-07-14,EctVe,B,5,/Users/Sonny/Research/Ecgdata/2025-07-14/EctVe/152221_116847112_ecgdata.csv,152221_116847112_ecgdata.csv,6,15000,17500
train,2025-07-14,EctVe,B,5,/Users/Sonny/Research/Ecgdata/2025-07-14/EctVe/152221_116847112_ecgdata.csv,152221_116847112_ecgdata.csv,7,17500,20000
train,2025-07-15,EctVe,B,5,/Users/Sonny/Research/Ecgdata/2025-07-15/EctVe/152784_117117112_ecgdata.csv,152784_117117112_ecgdata.csv,0,0,2500
train,2025-07-15,EctVe,B,5,/Users/Sonny/Research/Ecgdata/2025-07-15/EctVe/152784_117117112_ecgdata.csv,152784_117117112_ecgdata.csv,1,2500,5000
train,2025-07-15,EctVe,B,5,/Users/Sonny/Research/Ecgdata/2025-07-15/EctVe/152784_117117112_ecgdata.csv,152784_117117112_ecgdata.csv,2,5000,7500
train,2025-07-15,EctVe,B,5,/Users/Sonny/Research/Ecgdata/2025-07-15/EctVe/152784_117117112_ecgdata.csv,152784_117117112_ecgdata.csv,3,7500,10000
train,2025-07-15,EctVe,B,5,/Users/Sonny/Research/Ecgdata/2025-07-15/EctVe/152784_117117112_ecgdata.csv,152784_117117112_ecgdata.csv,4,10000,12500
train,2025-07-15,EctVe,B,5,/Users/Sonny/Research/Ecgdata/2025-07-15/EctVe/152784_117117112_ecgdata.csv,152784_117117112_ecgdata.csv,5,12500,15000
train,2025-07-15,EctVe,B,5,/Users/Sonny/Research/Ecgdata/2025-07-15/EctVe/152784_117117112_ecgdata.csv,152784_117117112_ecgdata.csv,6,15000,17500
train,2025-07-15,EctVe,B,5,/Users/Sonny/Research/Ecgdata/2025-07-15/EctVe/152784_117117112_ecgdata.csv,152784_117117112_ecgdata.csv,7,17500,20000
train,2025-07-13,EctVe,B,5,/Users/Sonny/Research/Ecgdata/2025-07-13/EctVe/152877_116625128_ecgdata.csv,152877_116625128_ecgdata.csv,0,0,2500
train,2025-07-13,EctVe,B,5,/Users/Sonny/Research/Ecgdata/2025-07-13/EctVe/152877_116625128_ecgdata.csv,152877_116625128_ecgdata.csv,1,2500,5000
train,2025-07-13,EctVe,B,5,/Users/Sonny/Research/Ecgdata/2025-07-13/EctVe/152877_116625128_ecgdata.csv,152877_116625128_ecgdata.csv,2,5000,7500
train,2025-07-13,EctVe,B,5,/Users/Sonny/Research/Ecgdata/2025-07-13/EctVe/152877_116625128_ecgdata.csv,152877_116625128_ecgdata.csv,3,7500,10000
train,2025-07-13,EctVe,B,5,/Users/Sonny/Research/Ecgdata/2025-07-13/EctVe/152877_116625128_ecgdata.csv,152877_116625128_ecgdata.csv,4,10000,12500
train,2025-07-13,EctVe,B,5,/Users/Sonny/Research/Ecgdata/2025-07-13/EctVe/152877_116625128_ecgdata.csv,152877_116625128_ecgdata.csv,5,12500,15000
train,2025-07-13,EctVe,B,5,/Users/Sonny/Research/Ecgdata/2025-07-13/EctVe/152877_116625128_ecgdata.csv,152877_116625128_ecgdata.csv,6,15000,17500
train,2025-07-13,EctVe,B,5,/Users/Sonny/Research/Ecgdata/2025-07-13/EctVe/152877_116625128_ecgdata.csv,152877_116625128_ecgdata.csv,7,17500,20000
train,2025-07-15,EctVe,B,5,/Users/Sonny/Research/Ecgdata/2025-07-15/EctVe/150699_117008167_ecgdata.csv,150699_117008167_ecgdata.csv,0,0,2500
train,2025-07-15,EctVe,B,5,/Users/Sonny/Research/Ecgdata/2025-07-15/EctVe/150699_117008167_ecgdata.csv,150699_117008167_ecgdata.csv,1,2500,5000
train,2025-07-15,EctVe,B,5,/Users/Sonny/Research/Ecgdata/2025-07-15/EctVe/150699_117008167_ecgdata.csv,150699_117008167_ecgdata.csv,2,5000,7500
train,2025-07-15,EctVe,B,5,/Users/Sonny/Research/Ecgdata/2025-07-15/EctVe/150699_117008167_ecgdata.csv,150699_117008167_ecgdata.csv,3,7500,10000
train,2025-07-15,EctVe,B,5,/Users/Sonny/Research/Ecgdata/2025-07-15/EctVe/150699_117008167_ecgdata.csv,150699_117008167_ecgdata.csv,4,10000,12500
train,2025-07-15,EctVe,B,5,/Users/Sonny/Research/Ecgdata/2025-07-15/EctVe/150699_117008167_ecgdata.csv,150699_117008167_ecgdata.csv,5,12500,15000
train,2025-07-15,EctVe,B,5,/Users/Sonny/Research/Ecgdata/2025-07-15/EctVe/150699_117008167_ecgdata.csv,150699_117008167_ecgdata.csv,6,15000,17500
train,2025-07-15,EctVe,B,5,/Users/Sonny/Research/Ecgdata/2025-07-15/EctVe/150699_117008167_ecgdata.csv,150699_117008167_ecgdata.csv,7,17500,20000
train,2025-07-15,VeCou,B,5,/Users/Sonny/Research/Ecgdata/2025-07-15/VeCou/150831_117005076_ecgdata.csv,150831_117005076_ecgdata.csv,0,0,2500
train,2025-07-15,VeCou,B,5,/Users/Sonny/Research/Ecgdata/2025-07-15/VeCou/150831_117005076_ecgdata.csv,150831_117005076_ecgdata.csv,1,2500,5000
train,2025-07-15,VeCou,B,5,/Users/Sonny/Research/Ecgdata/2025-07-15/VeCou/150831_117005076_ecgdata.csv,150831_117005076_ecgdata.csv,2,5000,7500
train,2025-07-15,VeCou,B,5,/Users/Sonny/Research/Ecgdata/2025-07-15/VeCou/150831_117005076_ecgdata.csv,150831_117005076_ecgdata.csv,3,7500,10000
train,2025-07-15,VeCou,B,5,/Users/Sonny/Research/Ecgdata/2025-07-15/VeCou/150831_117005076_ecgdata.csv,150831_117005076_ecgdata.csv,4,10000,12500
train,2025-07-15,VeCou,B,5,/Users/Sonny/Research/Ecgdata/2025-07-15/VeCou/150831_117005076_ecgdata.csv,150831_117005076_ecgdata.csv,5,12500,15000
train,2025-07-15,VeCou,B,5,/Users/Sonny/Research/Ecgdata/2025-07-15/VeCou/150831_117005076_ecgdata.csv,150831_117005076_ecgdata.csv,6,15000,17500
train,2025-07-15,VeCou,B,5,/Users/Sonny/Research/Ecgdata/2025-07-15/VeCou/150831_117005076_ecgdata.csv,150831_117005076_ecgdata.csv,7,17500,20000
train,2025-07-14,EctVe,B,5,/Users/Sonny/Research/Ecgdata/2025-07-14/EctVe/153264_116882125_ecgdata.csv,153264_116882125_ecgdata.csv,0,0,2500
train,2025-07-14,EctVe,B,5,/Users/Sonny/Research/Ecgdata/2025-07-14/EctVe/153264_116882125_ecgdata.csv,153264_116882125_ecgdata.csv,1,2500,5000
train,2025-07-14,EctVe,B,5,/Users/Sonny/Research/Ecgdata/2025-07-14/EctVe/153264_116882125_ecgdata.csv,153264_116882125_ecgdata.csv,2,5000,7500
train,2025-07-14,EctVe,B,5,/Users/Sonny/Research/Ecgdata/2025-07-14/EctVe/153264_116882125_ecgdata.csv,153264_116882125_ecgdata.csv,3,7500,10000
train,2025-07-14,EctVe,B,5,/Users/Sonny/Research/Ecgdata/2025-07-14/EctVe/153264_116882125_ecgdata.csv,153264_116882125_ecgdata.csv,4,10000,12500
train,2025-07-14,EctVe,B,5,/Users/Sonny/Research/Ecgdata/2025-07-14/EctVe/153264_116882125_ecgdata.csv,153264_116882125_ecgdata.csv,5,12500,15000
train,2025-07-14,EctVe,B,5,/Users/Sonny/Research/Ecgdata/2025-07-14/EctVe/153264_116882125_ecgdata.csv,153264_116882125_ecgdata.csv,6,15000,17500
train,2025-07-14,EctVe,B,5,/Users/Sonny/Research/Ecgdata/2025-07-14/EctVe/153264_116882125_ecgdata.csv,153264_116882125_ecgdata.csv,7,17500,20000
train,2025-07-13,VeCou,B,5,/Users/Sonny/Research/Ecgdata/2025-07-13/VeCou/152795_116714784_ecgdata.csv,152795_116714784_ecgdata.csv,0,0,2500
train,2025-07-13,VeCou,B,5,/Users/Sonny/Research/Ecgdata/2025-07-13/VeCou/152795_116714784_ecgdata.csv,152795_116714784_ecgdata.csv,1,2500,5000
train,2025-07-13,VeCou,B,5,/Users/Sonny/Research/Ecgdata/2025-07-13/VeCou/152795_116714784_ecgdata.csv,152795_116714784_ecgdata.csv,2,5000,7500
train,2025-07-13,VeCou,B,5,/Users/Sonny/Research/Ecgdata/2025-07-13/VeCou/152795_116714784_ecgdata.csv,152795_116714784_ecgdata.csv,3,7500,10000
train,2025-07-13,VeCou,B,5,/Users/Sonny/Research/Ecgdata/2025-07-13/VeCou/152795_116714784_ecgdata.csv,152795_116714784_ecgdata.csv,4,10000,12500
train,2025-07-13,VeCou,B,5,/Users/Sonny/Research/Ecgdata/2025-07-13/VeCou/152795_116714784_ecgdata.csv,152795_116714784_ecgdata.csv,5,12500,15000
train,2025-07-13,VeCou,B,5,/Users/Sonny/Research/Ecgdata/2025-07-13/VeCou/152795_116714784_ecgdata.csv,152795_116714784_ecgdata.csv,6,15000,17500
train,2025-07-13,VeCou,B,5,/Users/Sonny/Research/Ecgdata/2025-07-13/VeCou/152795_116714784_ecgdata.csv,152795_116714784_ecgdata.csv,7,17500,20000
train,2025-07-15,EctVe,B,5,/Users/Sonny/Research/Ecgdata/2025-07-15/EctVe/150970_117025343_ecgdata.csv,150970_117025343_ecgdata.csv,0,0,2500
train,2025-07-15,EctVe,B,5,/Users/Sonny/Research/Ecgdata/2025-07-15/EctVe/150970_117025343_ecgdata.csv,150970_117025343_ecgdata.csv,1,2500,5000
train,2025-07-15,EctVe,B,5,/Users/Sonny/Research/Ecgdata/2025-07-15/EctVe/150970_117025343_ecgdata.csv,150970_117025343_ecgdata.csv,2,5000,7500
train,2025-07-15,EctVe,B,5,/Users/Sonny/Research/Ecgdata/2025-07-15/EctVe/150970_117025343_ecgdata.csv,150970_117025343_ecgdata.csv,3,7500,10000
train,2025-07-15,EctVe,B,5,/Users/Sonny/Research/Ecgdata/2025-07-15/EctVe/150970_117025343_ecgdata.csv,150970_117025343_ecgdata.csv,4,10000,12500
train,2025-07-15,EctVe,B,5,/Users/Sonny/Research/Ecgdata/2025-07-15/EctVe/150970_117025343_ecgdata.csv,150970_117025343_ecgdata.csv,5,12500,15000
train,2025-07-15,EctVe,B,5,/Users/Sonny/Research/Ecgdata/2025-07-15/EctVe/150970_117025343_ecgdata.csv,150970_117025343_ecgdata.csv,6,15000,17500
train,2025-07-15,EctVe,B,5,/Users/Sonny/Research/Ecgdata/2025-07-15/EctVe/150970_117025343_ecgdata.csv,150970_117025343_ecgdata.csv,7,17500,20000
